id,method,pred,gold,correct,notes
test_00000__swap,roberta_finetuned,1,1,1,order_swap
test_00001__swap,roberta_finetuned,0,0,1,order_swap
test_00002__swap,roberta_finetuned,1,1,1,order_swap
test_00003__swap,roberta_finetuned,0,0,1,order_swap
test_00004__swap,roberta_finetuned,1,1,1,order_swap
test_00005__swap,roberta_finetuned,0,0,1,order_swap
test_00006__swap,roberta_finetuned,1,1,1,order_swap
test_00007__swap,roberta_finetuned,0,0,1,order_swap
test_00008__swap,roberta_finetuned,1,1,1,order_swap
test_00009__swap,roberta_finetuned,0,0,1,order_swap
test_00010__swap,roberta_finetuned,1,1,1,order_swap
test_00011__swap,roberta_finetuned,0,0,1,order_swap
test_00012__swap,roberta_finetuned,1,1,1,order_swap
test_00013__swap,roberta_finetuned,0,0,1,order_swap
test_00014__swap,roberta_finetuned,1,1,1,order_swap
test_00015__swap,roberta_finetuned,0,0,1,order_swap
test_00016__swap,roberta_finetuned,1,1,1,order_swap
test_00017__swap,roberta_finetuned,0,0,1,order_swap
test_00018__swap,roberta_finetuned,1,1,1,order_swap
test_00019__swap,roberta_finetuned,0,0,1,order_swap
test_00020__swap,roberta_finetuned,1,1,1,order_swap
test_00021__swap,roberta_finetuned,0,0,1,order_swap
test_00022__swap,roberta_finetuned,1,1,1,order_swap
test_00023__swap,roberta_finetuned,1,0,0,order_swap
test_00024__swap,roberta_finetuned,1,1,1,order_swap
test_00025__swap,roberta_finetuned,0,0,1,order_swap
test_00026__swap,roberta_finetuned,0,1,0,order_swap
test_00027__swap,roberta_finetuned,0,0,1,order_swap
test_00028__swap,roberta_finetuned,1,1,1,order_swap
test_00029__swap,roberta_finetuned,1,0,0,order_swap
test_00030__swap,roberta_finetuned,1,1,1,order_swap
test_00031__swap,roberta_finetuned,0,0,1,order_swap
test_00032__swap,roberta_finetuned,1,1,1,order_swap
test_00033__swap,roberta_finetuned,1,0,0,order_swap
test_00034__swap,roberta_finetuned,1,1,1,order_swap
test_00035__swap,roberta_finetuned,0,0,1,order_swap
test_00036__swap,roberta_finetuned,0,1,0,order_swap
test_00037__swap,roberta_finetuned,0,0,1,order_swap
test_00038__swap,roberta_finetuned,1,1,1,order_swap
test_00039__swap,roberta_finetuned,0,0,1,order_swap
test_00040__swap,roberta_finetuned,0,1,0,order_swap
test_00041__swap,roberta_finetuned,0,0,1,order_swap
test_00042__swap,roberta_finetuned,1,1,1,order_swap
test_00043__swap,roberta_finetuned,1,0,0,order_swap
test_00044__swap,roberta_finetuned,1,1,1,order_swap
test_00045__swap,roberta_finetuned,0,0,1,order_swap
test_00046__swap,roberta_finetuned,1,1,1,order_swap
test_00047__swap,roberta_finetuned,0,0,1,order_swap
test_00048__swap,roberta_finetuned,1,1,1,order_swap
test_00049__swap,roberta_finetuned,0,0,1,order_swap
test_00050__swap,roberta_finetuned,0,1,0,order_swap
test_00051__swap,roberta_finetuned,1,0,0,order_swap
test_00052__swap,roberta_finetuned,1,1,1,order_swap
test_00053__swap,roberta_finetuned,0,0,1,order_swap
test_00054__swap,roberta_finetuned,1,1,1,order_swap
test_00055__swap,roberta_finetuned,0,0,1,order_swap
test_00056__swap,roberta_finetuned,0,1,0,order_swap
test_00057__swap,roberta_finetuned,0,0,1,order_swap
test_00058__swap,roberta_finetuned,1,1,1,order_swap
test_00059__swap,roberta_finetuned,0,0,1,order_swap
test_00060__swap,roberta_finetuned,1,1,1,order_swap
test_00061__swap,roberta_finetuned,0,0,1,order_swap
test_00062__swap,roberta_finetuned,1,1,1,order_swap
test_00063__swap,roberta_finetuned,0,0,1,order_swap
test_00064__swap,roberta_finetuned,1,1,1,order_swap
test_00065__swap,roberta_finetuned,0,0,1,order_swap
test_00066__swap,roberta_finetuned,0,1,0,order_swap
test_00067__swap,roberta_finetuned,0,0,1,order_swap
test_00068__swap,roberta_finetuned,1,1,1,order_swap
test_00069__swap,roberta_finetuned,0,0,1,order_swap
test_00070__swap,roberta_finetuned,1,1,1,order_swap
test_00071__swap,roberta_finetuned,0,0,1,order_swap
test_00072__swap,roberta_finetuned,1,1,1,order_swap
test_00073__swap,roberta_finetuned,0,0,1,order_swap
test_00074__swap,roberta_finetuned,1,1,1,order_swap
test_00075__swap,roberta_finetuned,0,0,1,order_swap
test_00076__swap,roberta_finetuned,1,1,1,order_swap
test_00077__swap,roberta_finetuned,0,0,1,order_swap
test_00078__swap,roberta_finetuned,1,1,1,order_swap
test_00079__swap,roberta_finetuned,0,0,1,order_swap
test_00080__swap,roberta_finetuned,1,1,1,order_swap
test_00081__swap,roberta_finetuned,0,0,1,order_swap
test_00082__swap,roberta_finetuned,0,1,0,order_swap
test_00083__swap,roberta_finetuned,0,0,1,order_swap
test_00084__swap,roberta_finetuned,1,1,1,order_swap
test_00085__swap,roberta_finetuned,0,0,1,order_swap
test_00086__swap,roberta_finetuned,1,1,1,order_swap
test_00087__swap,roberta_finetuned,0,0,1,order_swap
test_00088__swap,roberta_finetuned,1,1,1,order_swap
test_00089__swap,roberta_finetuned,0,0,1,order_swap
test_00090__swap,roberta_finetuned,0,1,0,order_swap
test_00091__swap,roberta_finetuned,1,0,0,order_swap
test_00092__swap,roberta_finetuned,1,1,1,order_swap
test_00093__swap,roberta_finetuned,0,0,1,order_swap
test_00094__swap,roberta_finetuned,1,1,1,order_swap
test_00095__swap,roberta_finetuned,0,0,1,order_swap
test_00096__swap,roberta_finetuned,1,1,1,order_swap
test_00097__swap,roberta_finetuned,0,0,1,order_swap
test_00098__swap,roberta_finetuned,0,1,0,order_swap
test_00099__swap,roberta_finetuned,1,0,0,order_swap
test_00100__swap,roberta_finetuned,1,1,1,order_swap
test_00101__swap,roberta_finetuned,0,0,1,order_swap
test_00102__swap,roberta_finetuned,1,1,1,order_swap
test_00103__swap,roberta_finetuned,0,0,1,order_swap
test_00104__swap,roberta_finetuned,1,1,1,order_swap
test_00105__swap,roberta_finetuned,0,0,1,order_swap
test_00106__swap,roberta_finetuned,1,1,1,order_swap
test_00107__swap,roberta_finetuned,0,0,1,order_swap
test_00108__swap,roberta_finetuned,1,1,1,order_swap
test_00109__swap,roberta_finetuned,0,0,1,order_swap
test_00110__swap,roberta_finetuned,1,1,1,order_swap
test_00111__swap,roberta_finetuned,0,0,1,order_swap
test_00112__swap,roberta_finetuned,1,1,1,order_swap
test_00113__swap,roberta_finetuned,0,0,1,order_swap
test_00114__swap,roberta_finetuned,1,1,1,order_swap
test_00115__swap,roberta_finetuned,0,0,1,order_swap
test_00116__swap,roberta_finetuned,0,1,0,order_swap
test_00117__swap,roberta_finetuned,0,0,1,order_swap
test_00118__swap,roberta_finetuned,1,1,1,order_swap
test_00119__swap,roberta_finetuned,0,0,1,order_swap
test_00120__swap,roberta_finetuned,1,1,1,order_swap
test_00121__swap,roberta_finetuned,0,0,1,order_swap
test_00122__swap,roberta_finetuned,1,1,1,order_swap
test_00123__swap,roberta_finetuned,0,0,1,order_swap
test_00124__swap,roberta_finetuned,1,1,1,order_swap
test_00125__swap,roberta_finetuned,0,0,1,order_swap
test_00126__swap,roberta_finetuned,1,1,1,order_swap
test_00127__swap,roberta_finetuned,0,0,1,order_swap
test_00128__swap,roberta_finetuned,1,1,1,order_swap
test_00129__swap,roberta_finetuned,0,0,1,order_swap
test_00130__swap,roberta_finetuned,0,1,0,order_swap
test_00131__swap,roberta_finetuned,0,0,1,order_swap
test_00132__swap,roberta_finetuned,1,1,1,order_swap
test_00133__swap,roberta_finetuned,0,0,1,order_swap
test_00134__swap,roberta_finetuned,1,1,1,order_swap
test_00135__swap,roberta_finetuned,0,0,1,order_swap
test_00136__swap,roberta_finetuned,1,1,1,order_swap
test_00137__swap,roberta_finetuned,0,0,1,order_swap
test_00138__swap,roberta_finetuned,1,1,1,order_swap
test_00139__swap,roberta_finetuned,1,0,0,order_swap
test_00140__swap,roberta_finetuned,0,1,0,order_swap
test_00141__swap,roberta_finetuned,0,0,1,order_swap
test_00142__swap,roberta_finetuned,1,1,1,order_swap
test_00143__swap,roberta_finetuned,0,0,1,order_swap
test_00144__swap,roberta_finetuned,1,1,1,order_swap
test_00145__swap,roberta_finetuned,0,0,1,order_swap
test_00146__swap,roberta_finetuned,1,1,1,order_swap
test_00147__swap,roberta_finetuned,0,0,1,order_swap
test_00148__swap,roberta_finetuned,1,1,1,order_swap
test_00149__swap,roberta_finetuned,0,0,1,order_swap
test_00150__swap,roberta_finetuned,1,1,1,order_swap
test_00151__swap,roberta_finetuned,0,0,1,order_swap
test_00152__swap,roberta_finetuned,1,1,1,order_swap
test_00153__swap,roberta_finetuned,1,0,0,order_swap
test_00154__swap,roberta_finetuned,1,1,1,order_swap
test_00155__swap,roberta_finetuned,0,0,1,order_swap
test_00156__swap,roberta_finetuned,1,1,1,order_swap
test_00157__swap,roberta_finetuned,0,0,1,order_swap
test_00158__swap,roberta_finetuned,1,1,1,order_swap
test_00159__swap,roberta_finetuned,0,0,1,order_swap
test_00160__swap,roberta_finetuned,1,1,1,order_swap
test_00161__swap,roberta_finetuned,0,0,1,order_swap
test_00162__swap,roberta_finetuned,0,1,0,order_swap
test_00163__swap,roberta_finetuned,0,0,1,order_swap
test_00164__swap,roberta_finetuned,1,1,1,order_swap
test_00165__swap,roberta_finetuned,0,0,1,order_swap
test_00166__swap,roberta_finetuned,1,1,1,order_swap
test_00167__swap,roberta_finetuned,0,0,1,order_swap
test_00168__swap,roberta_finetuned,1,1,1,order_swap
test_00169__swap,roberta_finetuned,0,0,1,order_swap
test_00170__swap,roberta_finetuned,1,1,1,order_swap
test_00171__swap,roberta_finetuned,0,0,1,order_swap
test_00172__swap,roberta_finetuned,1,1,1,order_swap
test_00173__swap,roberta_finetuned,0,0,1,order_swap
test_00174__swap,roberta_finetuned,0,1,0,order_swap
test_00175__swap,roberta_finetuned,0,0,1,order_swap
test_00176__swap,roberta_finetuned,1,1,1,order_swap
test_00177__swap,roberta_finetuned,1,0,0,order_swap
test_00178__swap,roberta_finetuned,1,1,1,order_swap
test_00179__swap,roberta_finetuned,0,0,1,order_swap
test_00180__swap,roberta_finetuned,1,1,1,order_swap
test_00181__swap,roberta_finetuned,0,0,1,order_swap
test_00182__swap,roberta_finetuned,1,1,1,order_swap
test_00183__swap,roberta_finetuned,0,0,1,order_swap
test_00184__swap,roberta_finetuned,1,1,1,order_swap
test_00185__swap,roberta_finetuned,0,0,1,order_swap
test_00186__swap,roberta_finetuned,1,1,1,order_swap
test_00187__swap,roberta_finetuned,0,0,1,order_swap
test_00188__swap,roberta_finetuned,1,1,1,order_swap
test_00189__swap,roberta_finetuned,1,0,0,order_swap
test_00190__swap,roberta_finetuned,1,1,1,order_swap
test_00191__swap,roberta_finetuned,0,0,1,order_swap
test_00192__swap,roberta_finetuned,1,1,1,order_swap
test_00193__swap,roberta_finetuned,0,0,1,order_swap
test_00194__swap,roberta_finetuned,1,1,1,order_swap
test_00195__swap,roberta_finetuned,0,0,1,order_swap
test_00196__swap,roberta_finetuned,1,1,1,order_swap
test_00197__swap,roberta_finetuned,0,0,1,order_swap
test_00198__swap,roberta_finetuned,0,1,0,order_swap
test_00199__swap,roberta_finetuned,0,0,1,order_swap
test_00200__swap,roberta_finetuned,1,1,1,order_swap
test_00201__swap,roberta_finetuned,0,0,1,order_swap
test_00202__swap,roberta_finetuned,1,1,1,order_swap
test_00203__swap,roberta_finetuned,0,0,1,order_swap
test_00204__swap,roberta_finetuned,1,1,1,order_swap
test_00205__swap,roberta_finetuned,1,0,0,order_swap
test_00206__swap,roberta_finetuned,1,1,1,order_swap
test_00207__swap,roberta_finetuned,0,0,1,order_swap
test_00208__swap,roberta_finetuned,1,1,1,order_swap
test_00209__swap,roberta_finetuned,0,0,1,order_swap
test_00210__swap,roberta_finetuned,0,1,0,order_swap
test_00211__swap,roberta_finetuned,0,0,1,order_swap
test_00212__swap,roberta_finetuned,1,1,1,order_swap
test_00213__swap,roberta_finetuned,0,0,1,order_swap
test_00214__swap,roberta_finetuned,0,1,0,order_swap
test_00215__swap,roberta_finetuned,0,0,1,order_swap
test_00216__swap,roberta_finetuned,1,1,1,order_swap
test_00217__swap,roberta_finetuned,1,0,0,order_swap
test_00218__swap,roberta_finetuned,0,1,0,order_swap
test_00219__swap,roberta_finetuned,0,0,1,order_swap
test_00220__swap,roberta_finetuned,1,1,1,order_swap
test_00221__swap,roberta_finetuned,0,0,1,order_swap
test_00222__swap,roberta_finetuned,1,1,1,order_swap
test_00223__swap,roberta_finetuned,0,0,1,order_swap
test_00224__swap,roberta_finetuned,1,1,1,order_swap
test_00225__swap,roberta_finetuned,0,0,1,order_swap
test_00226__swap,roberta_finetuned,0,1,0,order_swap
test_00227__swap,roberta_finetuned,0,0,1,order_swap
test_00228__swap,roberta_finetuned,0,1,0,order_swap
test_00229__swap,roberta_finetuned,0,0,1,order_swap
test_00230__swap,roberta_finetuned,1,1,1,order_swap
test_00231__swap,roberta_finetuned,0,0,1,order_swap
test_00232__swap,roberta_finetuned,1,1,1,order_swap
test_00233__swap,roberta_finetuned,0,0,1,order_swap
test_00234__swap,roberta_finetuned,0,1,0,order_swap
test_00235__swap,roberta_finetuned,0,0,1,order_swap
test_00236__swap,roberta_finetuned,1,1,1,order_swap
test_00237__swap,roberta_finetuned,0,0,1,order_swap
test_00238__swap,roberta_finetuned,1,1,1,order_swap
test_00239__swap,roberta_finetuned,0,0,1,order_swap
test_00240__swap,roberta_finetuned,1,1,1,order_swap
test_00241__swap,roberta_finetuned,0,0,1,order_swap
test_00242__swap,roberta_finetuned,1,1,1,order_swap
test_00243__swap,roberta_finetuned,0,0,1,order_swap
test_00244__swap,roberta_finetuned,1,1,1,order_swap
test_00245__swap,roberta_finetuned,0,0,1,order_swap
test_00246__swap,roberta_finetuned,0,1,0,order_swap
test_00247__swap,roberta_finetuned,1,0,0,order_swap
test_00248__swap,roberta_finetuned,1,1,1,order_swap
test_00249__swap,roberta_finetuned,0,0,1,order_swap
test_00250__swap,roberta_finetuned,1,1,1,order_swap
test_00251__swap,roberta_finetuned,0,0,1,order_swap
test_00252__swap,roberta_finetuned,0,1,0,order_swap
test_00253__swap,roberta_finetuned,0,0,1,order_swap
test_00254__swap,roberta_finetuned,1,1,1,order_swap
test_00255__swap,roberta_finetuned,0,0,1,order_swap
test_00256__swap,roberta_finetuned,1,1,1,order_swap
test_00257__swap,roberta_finetuned,0,0,1,order_swap
test_00258__swap,roberta_finetuned,1,1,1,order_swap
test_00259__swap,roberta_finetuned,0,0,1,order_swap
test_00260__swap,roberta_finetuned,1,1,1,order_swap
test_00261__swap,roberta_finetuned,0,0,1,order_swap
test_00262__swap,roberta_finetuned,1,1,1,order_swap
test_00263__swap,roberta_finetuned,1,0,0,order_swap
test_00264__swap,roberta_finetuned,1,1,1,order_swap
test_00265__swap,roberta_finetuned,0,0,1,order_swap
test_00266__swap,roberta_finetuned,1,1,1,order_swap
test_00267__swap,roberta_finetuned,1,0,0,order_swap
test_00268__swap,roberta_finetuned,1,1,1,order_swap
test_00269__swap,roberta_finetuned,1,0,0,order_swap
test_00270__swap,roberta_finetuned,1,1,1,order_swap
test_00271__swap,roberta_finetuned,0,0,1,order_swap
test_00272__swap,roberta_finetuned,1,1,1,order_swap
test_00273__swap,roberta_finetuned,0,0,1,order_swap
test_00274__swap,roberta_finetuned,1,1,1,order_swap
test_00275__swap,roberta_finetuned,0,0,1,order_swap
test_00276__swap,roberta_finetuned,1,1,1,order_swap
test_00277__swap,roberta_finetuned,0,0,1,order_swap
test_00278__swap,roberta_finetuned,1,1,1,order_swap
test_00279__swap,roberta_finetuned,0,0,1,order_swap
test_00280__swap,roberta_finetuned,1,1,1,order_swap
test_00281__swap,roberta_finetuned,0,0,1,order_swap
test_00282__swap,roberta_finetuned,1,1,1,order_swap
test_00283__swap,roberta_finetuned,0,0,1,order_swap
test_00284__swap,roberta_finetuned,1,1,1,order_swap
test_00285__swap,roberta_finetuned,0,0,1,order_swap
test_00286__swap,roberta_finetuned,1,1,1,order_swap
test_00287__swap,roberta_finetuned,1,0,0,order_swap
test_00288__swap,roberta_finetuned,1,1,1,order_swap
test_00289__swap,roberta_finetuned,1,0,0,order_swap
test_00290__swap,roberta_finetuned,1,1,1,order_swap
test_00291__swap,roberta_finetuned,0,0,1,order_swap
test_00292__swap,roberta_finetuned,1,1,1,order_swap
test_00293__swap,roberta_finetuned,0,0,1,order_swap
test_00294__swap,roberta_finetuned,1,1,1,order_swap
test_00295__swap,roberta_finetuned,1,0,0,order_swap
test_00296__swap,roberta_finetuned,1,1,1,order_swap
test_00297__swap,roberta_finetuned,0,0,1,order_swap
test_00298__swap,roberta_finetuned,1,1,1,order_swap
test_00299__swap,roberta_finetuned,0,0,1,order_swap
test_00300__swap,roberta_finetuned,1,1,1,order_swap
test_00301__swap,roberta_finetuned,0,0,1,order_swap
test_00302__swap,roberta_finetuned,1,1,1,order_swap
test_00303__swap,roberta_finetuned,0,0,1,order_swap
test_00304__swap,roberta_finetuned,1,1,1,order_swap
test_00305__swap,roberta_finetuned,0,0,1,order_swap
test_00306__swap,roberta_finetuned,0,1,0,order_swap
test_00307__swap,roberta_finetuned,0,0,1,order_swap
test_00308__swap,roberta_finetuned,1,1,1,order_swap
test_00309__swap,roberta_finetuned,1,0,0,order_swap
test_00310__swap,roberta_finetuned,1,1,1,order_swap
test_00311__swap,roberta_finetuned,0,0,1,order_swap
test_00312__swap,roberta_finetuned,1,1,1,order_swap
test_00313__swap,roberta_finetuned,1,0,0,order_swap
test_00314__swap,roberta_finetuned,1,1,1,order_swap
test_00315__swap,roberta_finetuned,0,0,1,order_swap
test_00316__swap,roberta_finetuned,1,1,1,order_swap
test_00317__swap,roberta_finetuned,0,0,1,order_swap
test_00318__swap,roberta_finetuned,1,1,1,order_swap
test_00319__swap,roberta_finetuned,0,0,1,order_swap
test_00320__swap,roberta_finetuned,1,1,1,order_swap
test_00321__swap,roberta_finetuned,0,0,1,order_swap
test_00322__swap,roberta_finetuned,1,1,1,order_swap
test_00323__swap,roberta_finetuned,0,0,1,order_swap
test_00324__swap,roberta_finetuned,1,1,1,order_swap
test_00325__swap,roberta_finetuned,0,0,1,order_swap
test_00326__swap,roberta_finetuned,1,1,1,order_swap
test_00327__swap,roberta_finetuned,0,0,1,order_swap
test_00328__swap,roberta_finetuned,1,1,1,order_swap
test_00329__swap,roberta_finetuned,1,0,0,order_swap
test_00330__swap,roberta_finetuned,0,1,0,order_swap
test_00331__swap,roberta_finetuned,0,0,1,order_swap
test_00332__swap,roberta_finetuned,1,1,1,order_swap
test_00333__swap,roberta_finetuned,0,0,1,order_swap
test_00334__swap,roberta_finetuned,1,1,1,order_swap
test_00335__swap,roberta_finetuned,0,0,1,order_swap
test_00336__swap,roberta_finetuned,1,1,1,order_swap
test_00337__swap,roberta_finetuned,0,0,1,order_swap
test_00338__swap,roberta_finetuned,1,1,1,order_swap
test_00339__swap,roberta_finetuned,0,0,1,order_swap
test_00340__swap,roberta_finetuned,0,1,0,order_swap
test_00341__swap,roberta_finetuned,0,0,1,order_swap
test_00342__swap,roberta_finetuned,1,1,1,order_swap
test_00343__swap,roberta_finetuned,0,0,1,order_swap
test_00344__swap,roberta_finetuned,1,1,1,order_swap
test_00345__swap,roberta_finetuned,0,0,1,order_swap
test_00346__swap,roberta_finetuned,1,1,1,order_swap
test_00347__swap,roberta_finetuned,1,0,0,order_swap
test_00348__swap,roberta_finetuned,1,1,1,order_swap
test_00349__swap,roberta_finetuned,0,0,1,order_swap
test_00350__swap,roberta_finetuned,1,1,1,order_swap
test_00351__swap,roberta_finetuned,0,0,1,order_swap
test_00352__swap,roberta_finetuned,1,1,1,order_swap
test_00353__swap,roberta_finetuned,0,0,1,order_swap
test_00354__swap,roberta_finetuned,1,1,1,order_swap
test_00355__swap,roberta_finetuned,0,0,1,order_swap
test_00356__swap,roberta_finetuned,1,1,1,order_swap
test_00357__swap,roberta_finetuned,0,0,1,order_swap
test_00358__swap,roberta_finetuned,1,1,1,order_swap
test_00359__swap,roberta_finetuned,0,0,1,order_swap
test_00360__swap,roberta_finetuned,1,1,1,order_swap
test_00361__swap,roberta_finetuned,0,0,1,order_swap
test_00362__swap,roberta_finetuned,1,1,1,order_swap
test_00363__swap,roberta_finetuned,0,0,1,order_swap
test_00364__swap,roberta_finetuned,1,1,1,order_swap
test_00365__swap,roberta_finetuned,0,0,1,order_swap
test_00366__swap,roberta_finetuned,1,1,1,order_swap
test_00367__swap,roberta_finetuned,0,0,1,order_swap
test_00368__swap,roberta_finetuned,1,1,1,order_swap
test_00369__swap,roberta_finetuned,0,0,1,order_swap
test_00370__swap,roberta_finetuned,0,1,0,order_swap
test_00371__swap,roberta_finetuned,1,0,0,order_swap
test_00372__swap,roberta_finetuned,1,1,1,order_swap
test_00373__swap,roberta_finetuned,0,0,1,order_swap
test_00374__swap,roberta_finetuned,0,1,0,order_swap
test_00375__swap,roberta_finetuned,0,0,1,order_swap
test_00376__swap,roberta_finetuned,1,1,1,order_swap
test_00377__swap,roberta_finetuned,0,0,1,order_swap
test_00378__swap,roberta_finetuned,1,1,1,order_swap
test_00379__swap,roberta_finetuned,0,0,1,order_swap
test_00380__swap,roberta_finetuned,1,1,1,order_swap
test_00381__swap,roberta_finetuned,0,0,1,order_swap
test_00382__swap,roberta_finetuned,1,1,1,order_swap
test_00383__swap,roberta_finetuned,0,0,1,order_swap
test_00384__swap,roberta_finetuned,1,1,1,order_swap
test_00385__swap,roberta_finetuned,0,0,1,order_swap
test_00386__swap,roberta_finetuned,1,1,1,order_swap
test_00387__swap,roberta_finetuned,0,0,1,order_swap
test_00388__swap,roberta_finetuned,1,1,1,order_swap
test_00389__swap,roberta_finetuned,0,0,1,order_swap
test_00390__swap,roberta_finetuned,0,1,0,order_swap
test_00391__swap,roberta_finetuned,0,0,1,order_swap
test_00392__swap,roberta_finetuned,1,1,1,order_swap
test_00393__swap,roberta_finetuned,0,0,1,order_swap
test_00394__swap,roberta_finetuned,1,1,1,order_swap
test_00395__swap,roberta_finetuned,1,0,0,order_swap
test_00396__swap,roberta_finetuned,1,1,1,order_swap
test_00397__swap,roberta_finetuned,0,0,1,order_swap
test_00398__swap,roberta_finetuned,1,1,1,order_swap
test_00399__swap,roberta_finetuned,0,0,1,order_swap
test_00400__swap,roberta_finetuned,1,1,1,order_swap
test_00401__swap,roberta_finetuned,0,0,1,order_swap
test_00402__swap,roberta_finetuned,1,1,1,order_swap
test_00403__swap,roberta_finetuned,0,0,1,order_swap
test_00404__swap,roberta_finetuned,1,1,1,order_swap
test_00405__swap,roberta_finetuned,0,0,1,order_swap
test_00406__swap,roberta_finetuned,0,1,0,order_swap
test_00407__swap,roberta_finetuned,0,0,1,order_swap
test_00408__swap,roberta_finetuned,0,1,0,order_swap
test_00409__swap,roberta_finetuned,0,0,1,order_swap
test_00410__swap,roberta_finetuned,1,1,1,order_swap
test_00411__swap,roberta_finetuned,0,0,1,order_swap
test_00412__swap,roberta_finetuned,1,1,1,order_swap
test_00413__swap,roberta_finetuned,0,0,1,order_swap
test_00414__swap,roberta_finetuned,1,1,1,order_swap
test_00415__swap,roberta_finetuned,0,0,1,order_swap
test_00416__swap,roberta_finetuned,1,1,1,order_swap
test_00417__swap,roberta_finetuned,0,0,1,order_swap
test_00418__swap,roberta_finetuned,1,1,1,order_swap
test_00419__swap,roberta_finetuned,0,0,1,order_swap
test_00420__swap,roberta_finetuned,1,1,1,order_swap
test_00421__swap,roberta_finetuned,0,0,1,order_swap
test_00422__swap,roberta_finetuned,1,1,1,order_swap
test_00423__swap,roberta_finetuned,0,0,1,order_swap
test_00424__swap,roberta_finetuned,1,1,1,order_swap
test_00425__swap,roberta_finetuned,0,0,1,order_swap
test_00426__swap,roberta_finetuned,1,1,1,order_swap
test_00427__swap,roberta_finetuned,0,0,1,order_swap
test_00428__swap,roberta_finetuned,1,1,1,order_swap
test_00429__swap,roberta_finetuned,1,0,0,order_swap
test_00430__swap,roberta_finetuned,1,1,1,order_swap
test_00431__swap,roberta_finetuned,1,0,0,order_swap
test_00432__swap,roberta_finetuned,1,1,1,order_swap
test_00433__swap,roberta_finetuned,0,0,1,order_swap
test_00434__swap,roberta_finetuned,1,1,1,order_swap
test_00435__swap,roberta_finetuned,0,0,1,order_swap
test_00436__swap,roberta_finetuned,1,1,1,order_swap
test_00437__swap,roberta_finetuned,0,0,1,order_swap
test_00438__swap,roberta_finetuned,1,1,1,order_swap
test_00439__swap,roberta_finetuned,0,0,1,order_swap
test_00440__swap,roberta_finetuned,1,1,1,order_swap
test_00441__swap,roberta_finetuned,0,0,1,order_swap
test_00442__swap,roberta_finetuned,1,1,1,order_swap
test_00443__swap,roberta_finetuned,1,0,0,order_swap
test_00444__swap,roberta_finetuned,1,1,1,order_swap
test_00445__swap,roberta_finetuned,0,0,1,order_swap
test_00446__swap,roberta_finetuned,0,1,0,order_swap
test_00447__swap,roberta_finetuned,0,0,1,order_swap
test_00448__swap,roberta_finetuned,1,1,1,order_swap
test_00449__swap,roberta_finetuned,0,0,1,order_swap
test_00450__swap,roberta_finetuned,1,1,1,order_swap
test_00451__swap,roberta_finetuned,0,0,1,order_swap
test_00452__swap,roberta_finetuned,1,1,1,order_swap
test_00453__swap,roberta_finetuned,0,0,1,order_swap
test_00454__swap,roberta_finetuned,1,1,1,order_swap
test_00455__swap,roberta_finetuned,0,0,1,order_swap
test_00456__swap,roberta_finetuned,1,1,1,order_swap
test_00457__swap,roberta_finetuned,0,0,1,order_swap
test_00458__swap,roberta_finetuned,0,1,0,order_swap
test_00459__swap,roberta_finetuned,1,0,0,order_swap
test_00460__swap,roberta_finetuned,1,1,1,order_swap
test_00461__swap,roberta_finetuned,0,0,1,order_swap
test_00462__swap,roberta_finetuned,1,1,1,order_swap
test_00463__swap,roberta_finetuned,0,0,1,order_swap
test_00464__swap,roberta_finetuned,1,1,1,order_swap
test_00465__swap,roberta_finetuned,0,0,1,order_swap
test_00466__swap,roberta_finetuned,0,1,0,order_swap
test_00467__swap,roberta_finetuned,0,0,1,order_swap
test_00468__swap,roberta_finetuned,1,1,1,order_swap
test_00469__swap,roberta_finetuned,0,0,1,order_swap
test_00470__swap,roberta_finetuned,1,1,1,order_swap
test_00471__swap,roberta_finetuned,0,0,1,order_swap
test_00472__swap,roberta_finetuned,1,1,1,order_swap
test_00473__swap,roberta_finetuned,0,0,1,order_swap
test_00474__swap,roberta_finetuned,1,1,1,order_swap
test_00475__swap,roberta_finetuned,0,0,1,order_swap
test_00476__swap,roberta_finetuned,1,1,1,order_swap
test_00477__swap,roberta_finetuned,0,0,1,order_swap
test_00478__swap,roberta_finetuned,1,1,1,order_swap
test_00479__swap,roberta_finetuned,0,0,1,order_swap
test_00480__swap,roberta_finetuned,1,1,1,order_swap
test_00481__swap,roberta_finetuned,0,0,1,order_swap
test_00482__swap,roberta_finetuned,0,1,0,order_swap
test_00483__swap,roberta_finetuned,0,0,1,order_swap
test_00484__swap,roberta_finetuned,1,1,1,order_swap
test_00485__swap,roberta_finetuned,0,0,1,order_swap
test_00486__swap,roberta_finetuned,1,1,1,order_swap
test_00487__swap,roberta_finetuned,0,0,1,order_swap
test_00488__swap,roberta_finetuned,1,1,1,order_swap
test_00489__swap,roberta_finetuned,0,0,1,order_swap
test_00490__swap,roberta_finetuned,1,1,1,order_swap
test_00491__swap,roberta_finetuned,1,0,0,order_swap
test_00492__swap,roberta_finetuned,1,1,1,order_swap
test_00493__swap,roberta_finetuned,0,0,1,order_swap
test_00494__swap,roberta_finetuned,0,1,0,order_swap
test_00495__swap,roberta_finetuned,0,0,1,order_swap
test_00496__swap,roberta_finetuned,1,1,1,order_swap
test_00497__swap,roberta_finetuned,0,0,1,order_swap
test_00498__swap,roberta_finetuned,1,1,1,order_swap
test_00499__swap,roberta_finetuned,0,0,1,order_swap
test_00500__swap,roberta_finetuned,1,1,1,order_swap
test_00501__swap,roberta_finetuned,1,0,0,order_swap
test_00502__swap,roberta_finetuned,1,1,1,order_swap
test_00503__swap,roberta_finetuned,0,0,1,order_swap
test_00504__swap,roberta_finetuned,1,1,1,order_swap
test_00505__swap,roberta_finetuned,0,0,1,order_swap
test_00506__swap,roberta_finetuned,1,1,1,order_swap
test_00507__swap,roberta_finetuned,0,0,1,order_swap
test_00508__swap,roberta_finetuned,1,1,1,order_swap
test_00509__swap,roberta_finetuned,0,0,1,order_swap
test_00510__swap,roberta_finetuned,1,1,1,order_swap
test_00511__swap,roberta_finetuned,0,0,1,order_swap
test_00512__swap,roberta_finetuned,1,1,1,order_swap
test_00513__swap,roberta_finetuned,0,0,1,order_swap
test_00514__swap,roberta_finetuned,1,1,1,order_swap
test_00515__swap,roberta_finetuned,0,0,1,order_swap
test_00516__swap,roberta_finetuned,1,1,1,order_swap
test_00517__swap,roberta_finetuned,0,0,1,order_swap
test_00518__swap,roberta_finetuned,1,1,1,order_swap
test_00519__swap,roberta_finetuned,1,0,0,order_swap
test_00520__swap,roberta_finetuned,1,1,1,order_swap
test_00521__swap,roberta_finetuned,0,0,1,order_swap
test_00522__swap,roberta_finetuned,1,1,1,order_swap
test_00523__swap,roberta_finetuned,0,0,1,order_swap
test_00524__swap,roberta_finetuned,1,1,1,order_swap
test_00525__swap,roberta_finetuned,1,0,0,order_swap
test_00526__swap,roberta_finetuned,1,1,1,order_swap
test_00527__swap,roberta_finetuned,1,0,0,order_swap
test_00528__swap,roberta_finetuned,1,1,1,order_swap
test_00529__swap,roberta_finetuned,0,0,1,order_swap
test_00530__swap,roberta_finetuned,1,1,1,order_swap
test_00531__swap,roberta_finetuned,0,0,1,order_swap
test_00532__swap,roberta_finetuned,1,1,1,order_swap
test_00533__swap,roberta_finetuned,0,0,1,order_swap
test_00534__swap,roberta_finetuned,1,1,1,order_swap
test_00535__swap,roberta_finetuned,0,0,1,order_swap
test_00536__swap,roberta_finetuned,1,1,1,order_swap
test_00537__swap,roberta_finetuned,0,0,1,order_swap
test_00538__swap,roberta_finetuned,1,1,1,order_swap
test_00539__swap,roberta_finetuned,0,0,1,order_swap
test_00540__swap,roberta_finetuned,1,1,1,order_swap
test_00541__swap,roberta_finetuned,0,0,1,order_swap
test_00542__swap,roberta_finetuned,0,1,0,order_swap
test_00543__swap,roberta_finetuned,0,0,1,order_swap
test_00544__swap,roberta_finetuned,1,1,1,order_swap
test_00545__swap,roberta_finetuned,0,0,1,order_swap
test_00546__swap,roberta_finetuned,0,1,0,order_swap
test_00547__swap,roberta_finetuned,0,0,1,order_swap
test_00548__swap,roberta_finetuned,1,1,1,order_swap
test_00549__swap,roberta_finetuned,0,0,1,order_swap
test_00550__swap,roberta_finetuned,1,1,1,order_swap
test_00551__swap,roberta_finetuned,1,0,0,order_swap
test_00552__swap,roberta_finetuned,1,1,1,order_swap
test_00553__swap,roberta_finetuned,0,0,1,order_swap
test_00554__swap,roberta_finetuned,1,1,1,order_swap
test_00555__swap,roberta_finetuned,1,0,0,order_swap
test_00556__swap,roberta_finetuned,1,1,1,order_swap
test_00557__swap,roberta_finetuned,0,0,1,order_swap
test_00558__swap,roberta_finetuned,1,1,1,order_swap
test_00559__swap,roberta_finetuned,0,0,1,order_swap
test_00560__swap,roberta_finetuned,1,1,1,order_swap
test_00561__swap,roberta_finetuned,0,0,1,order_swap
test_00562__swap,roberta_finetuned,1,1,1,order_swap
test_00563__swap,roberta_finetuned,0,0,1,order_swap
test_00564__swap,roberta_finetuned,1,1,1,order_swap
test_00565__swap,roberta_finetuned,0,0,1,order_swap
test_00566__swap,roberta_finetuned,1,1,1,order_swap
test_00567__swap,roberta_finetuned,0,0,1,order_swap
test_00568__swap,roberta_finetuned,1,1,1,order_swap
test_00569__swap,roberta_finetuned,0,0,1,order_swap
test_00570__swap,roberta_finetuned,1,1,1,order_swap
test_00571__swap,roberta_finetuned,0,0,1,order_swap
test_00572__swap,roberta_finetuned,1,1,1,order_swap
test_00573__swap,roberta_finetuned,0,0,1,order_swap
test_00574__swap,roberta_finetuned,1,1,1,order_swap
test_00575__swap,roberta_finetuned,0,0,1,order_swap
test_00576__swap,roberta_finetuned,1,1,1,order_swap
test_00577__swap,roberta_finetuned,0,0,1,order_swap
test_00578__swap,roberta_finetuned,1,1,1,order_swap
test_00579__swap,roberta_finetuned,0,0,1,order_swap
test_00580__swap,roberta_finetuned,1,1,1,order_swap
test_00581__swap,roberta_finetuned,0,0,1,order_swap
test_00582__swap,roberta_finetuned,1,1,1,order_swap
test_00583__swap,roberta_finetuned,0,0,1,order_swap
test_00584__swap,roberta_finetuned,1,1,1,order_swap
test_00585__swap,roberta_finetuned,0,0,1,order_swap
test_00586__swap,roberta_finetuned,1,1,1,order_swap
test_00587__swap,roberta_finetuned,0,0,1,order_swap
test_00588__swap,roberta_finetuned,1,1,1,order_swap
test_00589__swap,roberta_finetuned,0,0,1,order_swap
test_00590__swap,roberta_finetuned,1,1,1,order_swap
test_00591__swap,roberta_finetuned,0,0,1,order_swap
test_00592__swap,roberta_finetuned,1,1,1,order_swap
test_00593__swap,roberta_finetuned,0,0,1,order_swap
test_00594__swap,roberta_finetuned,1,1,1,order_swap
test_00595__swap,roberta_finetuned,0,0,1,order_swap
test_00596__swap,roberta_finetuned,1,1,1,order_swap
test_00597__swap,roberta_finetuned,0,0,1,order_swap
test_00598__swap,roberta_finetuned,1,1,1,order_swap
test_00599__swap,roberta_finetuned,1,0,0,order_swap
test_00600__swap,roberta_finetuned,1,1,1,order_swap
test_00601__swap,roberta_finetuned,0,0,1,order_swap
test_00602__swap,roberta_finetuned,1,1,1,order_swap
test_00603__swap,roberta_finetuned,0,0,1,order_swap
test_00604__swap,roberta_finetuned,0,1,0,order_swap
test_00605__swap,roberta_finetuned,0,0,1,order_swap
test_00606__swap,roberta_finetuned,1,1,1,order_swap
test_00607__swap,roberta_finetuned,0,0,1,order_swap
test_00608__swap,roberta_finetuned,1,1,1,order_swap
test_00609__swap,roberta_finetuned,0,0,1,order_swap
test_00610__swap,roberta_finetuned,1,1,1,order_swap
test_00611__swap,roberta_finetuned,0,0,1,order_swap
test_00612__swap,roberta_finetuned,1,1,1,order_swap
test_00613__swap,roberta_finetuned,0,0,1,order_swap
test_00614__swap,roberta_finetuned,1,1,1,order_swap
test_00615__swap,roberta_finetuned,1,0,0,order_swap
test_00616__swap,roberta_finetuned,1,1,1,order_swap
test_00617__swap,roberta_finetuned,0,0,1,order_swap
test_00618__swap,roberta_finetuned,1,1,1,order_swap
test_00619__swap,roberta_finetuned,0,0,1,order_swap
test_00620__swap,roberta_finetuned,1,1,1,order_swap
test_00621__swap,roberta_finetuned,0,0,1,order_swap
test_00622__swap,roberta_finetuned,1,1,1,order_swap
test_00623__swap,roberta_finetuned,0,0,1,order_swap
test_00624__swap,roberta_finetuned,1,1,1,order_swap
test_00625__swap,roberta_finetuned,0,0,1,order_swap
test_00626__swap,roberta_finetuned,0,1,0,order_swap
test_00627__swap,roberta_finetuned,0,0,1,order_swap
test_00628__swap,roberta_finetuned,1,1,1,order_swap
test_00629__swap,roberta_finetuned,1,0,0,order_swap
test_00630__swap,roberta_finetuned,0,1,0,order_swap
test_00631__swap,roberta_finetuned,0,0,1,order_swap
test_00632__swap,roberta_finetuned,1,1,1,order_swap
test_00633__swap,roberta_finetuned,0,0,1,order_swap
test_00634__swap,roberta_finetuned,1,1,1,order_swap
test_00635__swap,roberta_finetuned,0,0,1,order_swap
test_00636__swap,roberta_finetuned,1,1,1,order_swap
test_00637__swap,roberta_finetuned,0,0,1,order_swap
test_00638__swap,roberta_finetuned,0,1,0,order_swap
test_00639__swap,roberta_finetuned,0,0,1,order_swap
test_00640__swap,roberta_finetuned,1,1,1,order_swap
test_00641__swap,roberta_finetuned,0,0,1,order_swap
test_00642__swap,roberta_finetuned,1,1,1,order_swap
test_00643__swap,roberta_finetuned,0,0,1,order_swap
test_00644__swap,roberta_finetuned,1,1,1,order_swap
test_00645__swap,roberta_finetuned,1,0,0,order_swap
test_00646__swap,roberta_finetuned,1,1,1,order_swap
test_00647__swap,roberta_finetuned,0,0,1,order_swap
test_00648__swap,roberta_finetuned,1,1,1,order_swap
test_00649__swap,roberta_finetuned,0,0,1,order_swap
test_00650__swap,roberta_finetuned,1,1,1,order_swap
test_00651__swap,roberta_finetuned,1,0,0,order_swap
test_00652__swap,roberta_finetuned,1,1,1,order_swap
test_00653__swap,roberta_finetuned,0,0,1,order_swap
test_00654__swap,roberta_finetuned,0,1,0,order_swap
test_00655__swap,roberta_finetuned,1,0,0,order_swap
test_00656__swap,roberta_finetuned,1,1,1,order_swap
test_00657__swap,roberta_finetuned,1,0,0,order_swap
test_00658__swap,roberta_finetuned,1,1,1,order_swap
test_00659__swap,roberta_finetuned,0,0,1,order_swap
test_00660__swap,roberta_finetuned,1,1,1,order_swap
test_00661__swap,roberta_finetuned,1,0,0,order_swap
test_00662__swap,roberta_finetuned,1,1,1,order_swap
test_00663__swap,roberta_finetuned,0,0,1,order_swap
test_00664__swap,roberta_finetuned,1,1,1,order_swap
test_00665__swap,roberta_finetuned,1,0,0,order_swap
test_00666__swap,roberta_finetuned,0,1,0,order_swap
test_00667__swap,roberta_finetuned,0,0,1,order_swap
test_00668__swap,roberta_finetuned,1,1,1,order_swap
test_00669__swap,roberta_finetuned,0,0,1,order_swap
test_00670__swap,roberta_finetuned,1,1,1,order_swap
test_00671__swap,roberta_finetuned,0,0,1,order_swap
test_00672__swap,roberta_finetuned,1,1,1,order_swap
test_00673__swap,roberta_finetuned,1,0,0,order_swap
test_00674__swap,roberta_finetuned,0,1,0,order_swap
test_00675__swap,roberta_finetuned,0,0,1,order_swap
test_00676__swap,roberta_finetuned,1,1,1,order_swap
test_00677__swap,roberta_finetuned,1,0,0,order_swap
test_00678__swap,roberta_finetuned,1,1,1,order_swap
test_00679__swap,roberta_finetuned,0,0,1,order_swap
test_00680__swap,roberta_finetuned,1,1,1,order_swap
test_00681__swap,roberta_finetuned,0,0,1,order_swap
test_00682__swap,roberta_finetuned,1,1,1,order_swap
test_00683__swap,roberta_finetuned,0,0,1,order_swap
test_00684__swap,roberta_finetuned,1,1,1,order_swap
test_00685__swap,roberta_finetuned,0,0,1,order_swap
test_00686__swap,roberta_finetuned,1,1,1,order_swap
test_00687__swap,roberta_finetuned,0,0,1,order_swap
test_00688__swap,roberta_finetuned,1,1,1,order_swap
test_00689__swap,roberta_finetuned,0,0,1,order_swap
test_00690__swap,roberta_finetuned,1,1,1,order_swap
test_00691__swap,roberta_finetuned,0,0,1,order_swap
test_00692__swap,roberta_finetuned,1,1,1,order_swap
test_00693__swap,roberta_finetuned,1,0,0,order_swap
test_00694__swap,roberta_finetuned,1,1,1,order_swap
test_00695__swap,roberta_finetuned,1,0,0,order_swap
test_00696__swap,roberta_finetuned,1,1,1,order_swap
test_00697__swap,roberta_finetuned,1,0,0,order_swap
test_00698__swap,roberta_finetuned,1,1,1,order_swap
test_00699__swap,roberta_finetuned,0,0,1,order_swap
test_00700__swap,roberta_finetuned,0,1,0,order_swap
test_00701__swap,roberta_finetuned,0,0,1,order_swap
test_00702__swap,roberta_finetuned,1,1,1,order_swap
test_00703__swap,roberta_finetuned,0,0,1,order_swap
test_00704__swap,roberta_finetuned,1,1,1,order_swap
test_00705__swap,roberta_finetuned,1,0,0,order_swap
test_00706__swap,roberta_finetuned,1,1,1,order_swap
test_00707__swap,roberta_finetuned,0,0,1,order_swap
test_00708__swap,roberta_finetuned,0,1,0,order_swap
test_00709__swap,roberta_finetuned,0,0,1,order_swap
test_00710__swap,roberta_finetuned,1,1,1,order_swap
test_00711__swap,roberta_finetuned,0,0,1,order_swap
test_00712__swap,roberta_finetuned,1,1,1,order_swap
test_00713__swap,roberta_finetuned,0,0,1,order_swap
test_00714__swap,roberta_finetuned,1,1,1,order_swap
test_00715__swap,roberta_finetuned,0,0,1,order_swap
test_00716__swap,roberta_finetuned,1,1,1,order_swap
test_00717__swap,roberta_finetuned,1,0,0,order_swap
test_00718__swap,roberta_finetuned,1,1,1,order_swap
test_00719__swap,roberta_finetuned,0,0,1,order_swap
test_00720__swap,roberta_finetuned,0,1,0,order_swap
test_00721__swap,roberta_finetuned,0,0,1,order_swap
test_00722__swap,roberta_finetuned,1,1,1,order_swap
test_00723__swap,roberta_finetuned,0,0,1,order_swap
test_00724__swap,roberta_finetuned,1,1,1,order_swap
test_00725__swap,roberta_finetuned,0,0,1,order_swap
test_00726__swap,roberta_finetuned,1,1,1,order_swap
test_00727__swap,roberta_finetuned,0,0,1,order_swap
test_00728__swap,roberta_finetuned,1,1,1,order_swap
test_00729__swap,roberta_finetuned,0,0,1,order_swap
test_00730__swap,roberta_finetuned,1,1,1,order_swap
test_00731__swap,roberta_finetuned,0,0,1,order_swap
test_00732__swap,roberta_finetuned,1,1,1,order_swap
test_00733__swap,roberta_finetuned,1,0,0,order_swap
test_00734__swap,roberta_finetuned,0,1,0,order_swap
test_00735__swap,roberta_finetuned,0,0,1,order_swap
test_00736__swap,roberta_finetuned,1,1,1,order_swap
test_00737__swap,roberta_finetuned,1,0,0,order_swap
test_00738__swap,roberta_finetuned,1,1,1,order_swap
test_00739__swap,roberta_finetuned,1,0,0,order_swap
test_00740__swap,roberta_finetuned,1,1,1,order_swap
test_00741__swap,roberta_finetuned,0,0,1,order_swap
test_00742__swap,roberta_finetuned,1,1,1,order_swap
test_00743__swap,roberta_finetuned,1,0,0,order_swap
test_00744__swap,roberta_finetuned,1,1,1,order_swap
test_00745__swap,roberta_finetuned,0,0,1,order_swap
test_00746__swap,roberta_finetuned,1,1,1,order_swap
test_00747__swap,roberta_finetuned,0,0,1,order_swap
test_00748__swap,roberta_finetuned,1,1,1,order_swap
test_00749__swap,roberta_finetuned,0,0,1,order_swap
test_00750__swap,roberta_finetuned,1,1,1,order_swap
test_00751__swap,roberta_finetuned,0,0,1,order_swap
test_00752__swap,roberta_finetuned,1,1,1,order_swap
test_00753__swap,roberta_finetuned,0,0,1,order_swap
test_00754__swap,roberta_finetuned,1,1,1,order_swap
test_00755__swap,roberta_finetuned,0,0,1,order_swap
test_00756__swap,roberta_finetuned,1,1,1,order_swap
test_00757__swap,roberta_finetuned,0,0,1,order_swap
test_00758__swap,roberta_finetuned,1,1,1,order_swap
test_00759__swap,roberta_finetuned,0,0,1,order_swap
test_00760__swap,roberta_finetuned,1,1,1,order_swap
test_00761__swap,roberta_finetuned,0,0,1,order_swap
test_00762__swap,roberta_finetuned,1,1,1,order_swap
test_00763__swap,roberta_finetuned,0,0,1,order_swap
test_00764__swap,roberta_finetuned,0,1,0,order_swap
test_00765__swap,roberta_finetuned,0,0,1,order_swap
test_00766__swap,roberta_finetuned,1,1,1,order_swap
test_00767__swap,roberta_finetuned,1,0,0,order_swap
test_00768__swap,roberta_finetuned,1,1,1,order_swap
test_00769__swap,roberta_finetuned,0,0,1,order_swap
test_00770__swap,roberta_finetuned,0,1,0,order_swap
test_00771__swap,roberta_finetuned,0,0,1,order_swap
test_00772__swap,roberta_finetuned,1,1,1,order_swap
test_00773__swap,roberta_finetuned,0,0,1,order_swap
test_00774__swap,roberta_finetuned,1,1,1,order_swap
test_00775__swap,roberta_finetuned,0,0,1,order_swap
test_00776__swap,roberta_finetuned,1,1,1,order_swap
test_00777__swap,roberta_finetuned,0,0,1,order_swap
test_00778__swap,roberta_finetuned,1,1,1,order_swap
test_00779__swap,roberta_finetuned,0,0,1,order_swap
test_00780__swap,roberta_finetuned,1,1,1,order_swap
test_00781__swap,roberta_finetuned,0,0,1,order_swap
test_00782__swap,roberta_finetuned,1,1,1,order_swap
test_00783__swap,roberta_finetuned,0,0,1,order_swap
test_00784__swap,roberta_finetuned,1,1,1,order_swap
test_00785__swap,roberta_finetuned,0,0,1,order_swap
test_00786__swap,roberta_finetuned,1,1,1,order_swap
test_00787__swap,roberta_finetuned,0,0,1,order_swap
test_00788__swap,roberta_finetuned,1,1,1,order_swap
test_00789__swap,roberta_finetuned,1,0,0,order_swap
test_00790__swap,roberta_finetuned,1,1,1,order_swap
test_00791__swap,roberta_finetuned,0,0,1,order_swap
test_00792__swap,roberta_finetuned,1,1,1,order_swap
test_00793__swap,roberta_finetuned,0,0,1,order_swap
test_00794__swap,roberta_finetuned,1,1,1,order_swap
test_00795__swap,roberta_finetuned,1,0,0,order_swap
test_00796__swap,roberta_finetuned,1,1,1,order_swap
test_00797__swap,roberta_finetuned,0,0,1,order_swap
test_00798__swap,roberta_finetuned,1,1,1,order_swap
test_00799__swap,roberta_finetuned,0,0,1,order_swap
test_00800__swap,roberta_finetuned,0,1,0,order_swap
test_00801__swap,roberta_finetuned,0,0,1,order_swap
test_00802__swap,roberta_finetuned,1,1,1,order_swap
test_00803__swap,roberta_finetuned,0,0,1,order_swap
test_00804__swap,roberta_finetuned,1,1,1,order_swap
test_00805__swap,roberta_finetuned,0,0,1,order_swap
test_00806__swap,roberta_finetuned,1,1,1,order_swap
test_00807__swap,roberta_finetuned,0,0,1,order_swap
test_00808__swap,roberta_finetuned,1,1,1,order_swap
test_00809__swap,roberta_finetuned,0,0,1,order_swap
test_00810__swap,roberta_finetuned,1,1,1,order_swap
test_00811__swap,roberta_finetuned,0,0,1,order_swap
test_00812__swap,roberta_finetuned,1,1,1,order_swap
test_00813__swap,roberta_finetuned,0,0,1,order_swap
test_00814__swap,roberta_finetuned,1,1,1,order_swap
test_00815__swap,roberta_finetuned,0,0,1,order_swap
test_00816__swap,roberta_finetuned,0,1,0,order_swap
test_00817__swap,roberta_finetuned,0,0,1,order_swap
test_00818__swap,roberta_finetuned,1,1,1,order_swap
test_00819__swap,roberta_finetuned,0,0,1,order_swap
test_00820__swap,roberta_finetuned,1,1,1,order_swap
test_00821__swap,roberta_finetuned,0,0,1,order_swap
test_00822__swap,roberta_finetuned,1,1,1,order_swap
test_00823__swap,roberta_finetuned,0,0,1,order_swap
test_00824__swap,roberta_finetuned,1,1,1,order_swap
test_00825__swap,roberta_finetuned,0,0,1,order_swap
test_00826__swap,roberta_finetuned,1,1,1,order_swap
test_00827__swap,roberta_finetuned,1,0,0,order_swap
test_00828__swap,roberta_finetuned,1,1,1,order_swap
test_00829__swap,roberta_finetuned,0,0,1,order_swap
test_00830__swap,roberta_finetuned,1,1,1,order_swap
test_00831__swap,roberta_finetuned,0,0,1,order_swap
test_00832__swap,roberta_finetuned,1,1,1,order_swap
test_00833__swap,roberta_finetuned,0,0,1,order_swap
test_00834__swap,roberta_finetuned,1,1,1,order_swap
test_00835__swap,roberta_finetuned,0,0,1,order_swap
test_00836__swap,roberta_finetuned,0,1,0,order_swap
test_00837__swap,roberta_finetuned,0,0,1,order_swap
test_00838__swap,roberta_finetuned,1,1,1,order_swap
test_00839__swap,roberta_finetuned,1,0,0,order_swap
test_00840__swap,roberta_finetuned,1,1,1,order_swap
test_00841__swap,roberta_finetuned,0,0,1,order_swap
test_00842__swap,roberta_finetuned,1,1,1,order_swap
test_00843__swap,roberta_finetuned,1,0,0,order_swap
test_00844__swap,roberta_finetuned,1,1,1,order_swap
test_00845__swap,roberta_finetuned,0,0,1,order_swap
test_00846__swap,roberta_finetuned,1,1,1,order_swap
test_00847__swap,roberta_finetuned,0,0,1,order_swap
test_00848__swap,roberta_finetuned,1,1,1,order_swap
test_00849__swap,roberta_finetuned,0,0,1,order_swap
test_00850__swap,roberta_finetuned,1,1,1,order_swap
test_00851__swap,roberta_finetuned,0,0,1,order_swap
test_00852__swap,roberta_finetuned,1,1,1,order_swap
test_00853__swap,roberta_finetuned,0,0,1,order_swap
test_00854__swap,roberta_finetuned,1,1,1,order_swap
test_00855__swap,roberta_finetuned,0,0,1,order_swap
test_00856__swap,roberta_finetuned,0,1,0,order_swap
test_00857__swap,roberta_finetuned,0,0,1,order_swap
test_00858__swap,roberta_finetuned,1,1,1,order_swap
test_00859__swap,roberta_finetuned,1,0,0,order_swap
test_00860__swap,roberta_finetuned,1,1,1,order_swap
test_00861__swap,roberta_finetuned,0,0,1,order_swap
test_00862__swap,roberta_finetuned,1,1,1,order_swap
test_00863__swap,roberta_finetuned,0,0,1,order_swap
test_00864__swap,roberta_finetuned,1,1,1,order_swap
test_00865__swap,roberta_finetuned,0,0,1,order_swap
test_00866__swap,roberta_finetuned,1,1,1,order_swap
test_00867__swap,roberta_finetuned,0,0,1,order_swap
test_00868__swap,roberta_finetuned,1,1,1,order_swap
test_00869__swap,roberta_finetuned,0,0,1,order_swap
test_00870__swap,roberta_finetuned,1,1,1,order_swap
test_00871__swap,roberta_finetuned,1,0,0,order_swap
test_00872__swap,roberta_finetuned,1,1,1,order_swap
test_00873__swap,roberta_finetuned,1,0,0,order_swap
test_00874__swap,roberta_finetuned,0,1,0,order_swap
test_00875__swap,roberta_finetuned,0,0,1,order_swap
test_00876__swap,roberta_finetuned,1,1,1,order_swap
test_00877__swap,roberta_finetuned,0,0,1,order_swap
test_00878__swap,roberta_finetuned,0,1,0,order_swap
test_00879__swap,roberta_finetuned,0,0,1,order_swap
test_00880__swap,roberta_finetuned,1,1,1,order_swap
test_00881__swap,roberta_finetuned,0,0,1,order_swap
test_00882__swap,roberta_finetuned,1,1,1,order_swap
test_00883__swap,roberta_finetuned,0,0,1,order_swap
test_00884__swap,roberta_finetuned,1,1,1,order_swap
test_00885__swap,roberta_finetuned,0,0,1,order_swap
test_00886__swap,roberta_finetuned,1,1,1,order_swap
test_00887__swap,roberta_finetuned,0,0,1,order_swap
test_00888__swap,roberta_finetuned,0,1,0,order_swap
test_00889__swap,roberta_finetuned,0,0,1,order_swap
test_00890__swap,roberta_finetuned,1,1,1,order_swap
test_00891__swap,roberta_finetuned,1,0,0,order_swap
test_00892__swap,roberta_finetuned,1,1,1,order_swap
test_00893__swap,roberta_finetuned,0,0,1,order_swap
test_00894__swap,roberta_finetuned,1,1,1,order_swap
test_00895__swap,roberta_finetuned,0,0,1,order_swap
test_00896__swap,roberta_finetuned,1,1,1,order_swap
test_00897__swap,roberta_finetuned,0,0,1,order_swap
test_00898__swap,roberta_finetuned,0,1,0,order_swap
test_00899__swap,roberta_finetuned,0,0,1,order_swap
test_00900__swap,roberta_finetuned,1,1,1,order_swap
test_00901__swap,roberta_finetuned,1,0,0,order_swap
test_00902__swap,roberta_finetuned,1,1,1,order_swap
test_00903__swap,roberta_finetuned,0,0,1,order_swap
test_00904__swap,roberta_finetuned,1,1,1,order_swap
test_00905__swap,roberta_finetuned,0,0,1,order_swap
test_00906__swap,roberta_finetuned,1,1,1,order_swap
test_00907__swap,roberta_finetuned,0,0,1,order_swap
test_00908__swap,roberta_finetuned,1,1,1,order_swap
test_00909__swap,roberta_finetuned,1,0,0,order_swap
test_00910__swap,roberta_finetuned,1,1,1,order_swap
test_00911__swap,roberta_finetuned,0,0,1,order_swap
test_00912__swap,roberta_finetuned,1,1,1,order_swap
test_00913__swap,roberta_finetuned,0,0,1,order_swap
test_00914__swap,roberta_finetuned,0,1,0,order_swap
test_00915__swap,roberta_finetuned,0,0,1,order_swap
test_00916__swap,roberta_finetuned,1,1,1,order_swap
test_00917__swap,roberta_finetuned,0,0,1,order_swap
test_00918__swap,roberta_finetuned,1,1,1,order_swap
test_00919__swap,roberta_finetuned,0,0,1,order_swap
test_00920__swap,roberta_finetuned,1,1,1,order_swap
test_00921__swap,roberta_finetuned,0,0,1,order_swap
test_00922__swap,roberta_finetuned,1,1,1,order_swap
test_00923__swap,roberta_finetuned,0,0,1,order_swap
test_00924__swap,roberta_finetuned,1,1,1,order_swap
test_00925__swap,roberta_finetuned,0,0,1,order_swap
test_00926__swap,roberta_finetuned,1,1,1,order_swap
test_00927__swap,roberta_finetuned,0,0,1,order_swap
test_00928__swap,roberta_finetuned,1,1,1,order_swap
test_00929__swap,roberta_finetuned,0,0,1,order_swap
test_00930__swap,roberta_finetuned,1,1,1,order_swap
test_00931__swap,roberta_finetuned,0,0,1,order_swap
test_00932__swap,roberta_finetuned,0,1,0,order_swap
test_00933__swap,roberta_finetuned,1,0,0,order_swap
test_00934__swap,roberta_finetuned,1,1,1,order_swap
test_00935__swap,roberta_finetuned,0,0,1,order_swap
test_00936__swap,roberta_finetuned,1,1,1,order_swap
test_00937__swap,roberta_finetuned,0,0,1,order_swap
test_00938__swap,roberta_finetuned,1,1,1,order_swap
test_00939__swap,roberta_finetuned,0,0,1,order_swap
test_00940__swap,roberta_finetuned,1,1,1,order_swap
test_00941__swap,roberta_finetuned,0,0,1,order_swap
test_00942__swap,roberta_finetuned,1,1,1,order_swap
test_00943__swap,roberta_finetuned,0,0,1,order_swap
test_00944__swap,roberta_finetuned,1,1,1,order_swap
test_00945__swap,roberta_finetuned,0,0,1,order_swap
test_00946__swap,roberta_finetuned,1,1,1,order_swap
test_00947__swap,roberta_finetuned,0,0,1,order_swap
test_00948__swap,roberta_finetuned,1,1,1,order_swap
test_00949__swap,roberta_finetuned,0,0,1,order_swap
test_00950__swap,roberta_finetuned,1,1,1,order_swap
test_00951__swap,roberta_finetuned,0,0,1,order_swap
test_00952__swap,roberta_finetuned,1,1,1,order_swap
test_00953__swap,roberta_finetuned,0,0,1,order_swap
test_00954__swap,roberta_finetuned,1,1,1,order_swap
test_00955__swap,roberta_finetuned,0,0,1,order_swap
test_00956__swap,roberta_finetuned,1,1,1,order_swap
test_00957__swap,roberta_finetuned,0,0,1,order_swap
test_00958__swap,roberta_finetuned,1,1,1,order_swap
test_00959__swap,roberta_finetuned,0,0,1,order_swap
test_00960__swap,roberta_finetuned,1,1,1,order_swap
test_00961__swap,roberta_finetuned,0,0,1,order_swap
test_00962__swap,roberta_finetuned,1,1,1,order_swap
test_00963__swap,roberta_finetuned,0,0,1,order_swap
test_00964__swap,roberta_finetuned,1,1,1,order_swap
test_00965__swap,roberta_finetuned,1,0,0,order_swap
test_00966__swap,roberta_finetuned,1,1,1,order_swap
test_00967__swap,roberta_finetuned,0,0,1,order_swap
test_00968__swap,roberta_finetuned,1,1,1,order_swap
test_00969__swap,roberta_finetuned,0,0,1,order_swap
test_00970__swap,roberta_finetuned,1,1,1,order_swap
test_00971__swap,roberta_finetuned,0,0,1,order_swap
test_00972__swap,roberta_finetuned,1,1,1,order_swap
test_00973__swap,roberta_finetuned,0,0,1,order_swap
test_00974__swap,roberta_finetuned,1,1,1,order_swap
test_00975__swap,roberta_finetuned,0,0,1,order_swap
test_00976__swap,roberta_finetuned,1,1,1,order_swap
test_00977__swap,roberta_finetuned,0,0,1,order_swap
test_00978__swap,roberta_finetuned,1,1,1,order_swap
test_00979__swap,roberta_finetuned,1,0,0,order_swap
test_00980__swap,roberta_finetuned,1,1,1,order_swap
test_00981__swap,roberta_finetuned,0,0,1,order_swap
test_00982__swap,roberta_finetuned,1,1,1,order_swap
test_00983__swap,roberta_finetuned,0,0,1,order_swap
test_00984__swap,roberta_finetuned,1,1,1,order_swap
test_00985__swap,roberta_finetuned,0,0,1,order_swap
test_00986__swap,roberta_finetuned,1,1,1,order_swap
test_00987__swap,roberta_finetuned,0,0,1,order_swap
test_00988__swap,roberta_finetuned,1,1,1,order_swap
test_00989__swap,roberta_finetuned,0,0,1,order_swap
test_00990__swap,roberta_finetuned,1,1,1,order_swap
test_00991__swap,roberta_finetuned,0,0,1,order_swap
test_00992__swap,roberta_finetuned,1,1,1,order_swap
test_00993__swap,roberta_finetuned,0,0,1,order_swap
test_00994__swap,roberta_finetuned,1,1,1,order_swap
test_00995__swap,roberta_finetuned,0,0,1,order_swap
test_00996__swap,roberta_finetuned,1,1,1,order_swap
test_00997__swap,roberta_finetuned,0,0,1,order_swap
test_00998__swap,roberta_finetuned,1,1,1,order_swap
test_00999__swap,roberta_finetuned,0,0,1,order_swap
