head_raw	tail_raw	relation_raw	head	tail	relation	note
孙悟空	灵台方寸山	前往	孙悟空	灵台方寸山	前往	
孙悟空	水帘洞	居住于	孙悟空	水帘洞	居住于	
孙悟空	水帘洞	带领群猴进入	孙悟空	水帘洞	带领群猴进入	
孙悟空	千岁大王	被拥立为王	孙悟空	千岁大王	被拥立为王	
樵夫	灵台方寸山	指引	樵夫	灵台方寸山	指引	
水帘洞	花果山	位于	水帘洞	花果山	位于	
玉皇大帝	千里眼、顺风耳	传旨	玉皇大帝	千里眼、顺风耳	传旨	
花果山	东胜神洲	位于	花果山	东胜神洲	位于	
须菩提祖师	斜月三星洞	居住于	须菩提祖师	斜月三星洞	居住于	
孙悟空	筋斗云	使用	孙悟空	筋斗云	使用	
孙悟空	花果山水帘洞	到达	孙悟空	花果山水帘洞	到达	
孙悟空	水脏洞	前往	孙悟空	水脏洞	前往	
孙悟空	松树	变作	孙悟空	松树	变作	
孙悟空	混世魔王	战败	孙悟空	混世魔王	战败	
孙悟空	混世魔王	擒拿	孙悟空	混世魔王	擒拿	
孙悟空	松树	施展地煞变化	孙悟空	松树	施展地煞变化	
孙悟空	毫毛	施展身外身法	孙悟空	毫毛	施展身外身法	fill_tail_cate
混世魔王	众猴	欺压	混世魔王	众猴	欺压	
东海龙王敖广	玉皇大帝	奏请	东海龙王敖广	玉皇大帝	奏请	
北海龙王敖顺	藕丝步云履	奉命献上	北海龙王敖顺	藕丝步云履	献上	
南海龙王敖钦	凤翅紫金冠	奉命献上	南海龙王敖钦	凤翅紫金冠	献上	
孙悟空	十代冥王	挑战	孙悟空	十代冥王	挑战	
孙悟空	闭水法	施展神通	孙悟空	闭水法	施展神通	
孙悟空	牛魔王	结义	孙悟空	牛魔王	结义	
孙悟空	狮驼王	结义	孙悟空	狮驼王	结义	
孙悟空	猕猴王	结义	孙悟空	猕猴王	结义	
孙悟空	蛟魔王	结义	孙悟空	蛟魔王	结义	
孙悟空	鹏魔王	结义	孙悟空	鹏魔王	结义	
孙悟空	天河底的神珍铁	获得如意金箍棒	孙悟空	天河底的神珍铁	获得如意金箍棒	
孙悟空	兵器馆	进入	孙悟空	兵器馆	进入	
西海龙王敖闰	锁子黄金甲	奉命献上	西海龙王敖闰	锁子黄金甲	献上	
增长天王	天门	挡住	增长天王	天门	挡住	
太白金星	孙悟空	奉命招安	太白金星	孙悟空	奉命招安	
太白金星	玉皇大帝	奏请	太白金星	玉皇大帝	奏请	
太白金星	孙悟空	奏请封为	太白金星	孙悟空	奏请封为	align_tail_type_to_mode_hi_conf
孙悟空	南天门	前往	孙悟空	南天门	前往	
孙悟空	三头六臂	变作	孙悟空	三头六臂	变作	
孙悟空	本相	变作	孙悟空	本相	变作	
孙悟空	花果山	回至	孙悟空	花果山	回至	
孙悟空	御马监	打出	孙悟空	御马监	打出	
孙悟空	孙悟空	拒绝	孙悟空	孙悟空	拒绝	align_tail_type_to_mode_hi_conf|drop_self_loop
孙悟空	孙悟空	拒绝	孙悟空	孙悟空	拒绝	align_tail_type_to_mode_hi_conf|drop_self_loop
孙悟空	齐天大圣府	获得	孙悟空	齐天大圣府	获得	
武曲星君	孙悟空	奏请授官	武曲星君	孙悟空	奏请授官	
独角鬼王	赭黄袍	献上	独角鬼王	赭黄袍	献上	
孙悟空	蟠桃园	代管	孙悟空	蟠桃园	代管	
孙悟空	蟠桃	偷吃	孙悟空	蟠桃	偷吃	
孙悟空	金丹	偷吃	孙悟空	金丹	偷吃	
孙悟空	瑶池	前往	孙悟空	瑶池	前往	
孙悟空	蟠桃园	前往	孙悟空	蟠桃园	前往	
孙悟空	通明殿	前往	孙悟空	通明殿	前往	
孙悟空	蟠桃园	奉命看管	孙悟空	蟠桃园	奉命看管	
孙悟空	九曜星	战败	孙悟空	九曜星	战败	
孙悟空	仙酒会	设宴	孙悟空	仙酒会	设宴	
玉皇大帝	孙悟空	点差	玉皇大帝	孙悟空	点差	
惠岸行者	花果山	前往	惠岸行者	花果山	前往	
李天王	花果山	安营下寨	李天王	花果山	安营下寨	
玉皇大帝	二郎真君	奏请助兵	玉皇大帝	二郎真君	奏请助兵	
玉皇大帝	二郎真君	调遣	玉皇大帝	二郎真君	调遣	
观音菩萨	惠岸行者	命打探	观音菩萨	惠岸行者	命打探	
佑圣真君	孙悟空	调三十六员雷将围困	佑圣真君	孙悟空	调三十六员雷将围困	
如来佛祖	孙悟空	压住	如来佛祖	孙悟空	压住	
如来佛祖	孙悟空	打赌定输赢	如来佛祖	孙悟空	打赌定输赢	
如来佛祖	孙悟空	降伏	如来佛祖	孙悟空	降伏	
孙悟空	斩妖台	被押往	孙悟空	斩妖台	被押往	
孙悟空	降妖柱	被绑在上	孙悟空	降妖柱	被绑在上	
玉皇大帝	云部众神	传旨	玉皇大帝	云部众神	传旨	
玉皇大帝	太上老君	传旨交付	玉皇大帝	太上老君	传旨交付	
玉皇大帝	如来佛祖	奏请降伏	玉皇大帝	如来佛祖	奏请降伏	
玉皇大帝	孙悟空	封为	玉皇大帝	孙悟空	封为	align_tail_type_to_mode_hi_conf
玉皇大帝	二郎显圣	赏赐	玉皇大帝	二郎显圣	赏赐	
如来佛祖	孙悟空	封压于五行山	如来佛祖	孙悟空	封压于五行山	split_embedded_place_action|add_target_locative
观音菩萨	东土	前往	观音菩萨	东土	前往	
观音菩萨	东土	奉命寻取经人	观音菩萨	东土	奉命寻取经人	
泾河龙王	皇宫	前往	泾河龙王	皇宫	前往	
泾河龙王	玉帝敕旨	违犯天条	泾河龙王	玉帝敕旨	违犯天条	
泾河龙王	玉帝敕旨	违犯天条	泾河龙王	玉帝敕旨	违犯天条	
魏征	泾河龙王	奉命斩杀	魏征	泾河龙王	奉命斩杀	fill_head_cate
太宗	魏征	召见	唐太宗	魏征	召见	
太宗	魏征	对弈	唐太宗	魏征	对弈	
太宗	泾河龙王	许救	唐太宗	泾河龙王	许救	
崔珪	酆都判官	掌案	崔珪	酆都判官	掌案	
崔珪	酆都判官	掌案	崔珪	酆都判官	掌案	fill_head_cate
崔珪	太宗	放还	崔珪	唐太宗	放还	
秦叔宝	太宗	献龙头	秦叔宝	唐太宗	献龙头	
观音菩萨	东土	领佛旨	观音菩萨	东土	领佛旨	fill_tail_cate
魏征	崔珪	托书	魏征	崔珪	托书	
魏征	泾河龙王	梦斩	魏征	泾河龙王	梦斩	
傅奕	太宗	上疏止浮图	傅奕	唐太宗	上疏止浮图	
唐太宗	六道轮回	前往	唐太宗	六道轮回	前往	
唐太宗	刘全	赐予御旨	唐太宗	刘全	赐予御旨	
崔判官	唐太宗	送回阳世	崔判官	唐太宗	送回阳世	
朱太尉	渭水河边	送至	朱太尉	渭水河边	送至	
阎王	生死文簿	检看	阎王	生死文簿	检看	
阎王	唐太宗	检看生死簿	阎王	唐太宗	检看生死簿	
鬼使	金亭馆	推入	鬼使	金亭馆	推入	
唐三藏	九环锡杖	手持	唐三藏	九环锡杖	手持	
唐三藏	锦襕异宝袈裟	披上	唐三藏	锦襕异宝袈裟	披上	
唐王	御弟圣僧	任命为	唐王	御弟圣僧	任命为	
唐王	御弟圣僧	加封为	唐王	御弟圣僧	加封为	
唐王	观世音菩萨	宣至宝殿	唐王	观世音菩萨	宣至宝殿	
唐王	紫金钵盂	赐予	唐王	紫金钵盂	赐予	
唐王	银駔的马	赐予	唐王	银駔的马	赐予	
太宗	唐三藏	传旨	唐太宗	唐三藏	传旨	
太宗	唐三藏	赐予	唐太宗	唐三藏	赐予	
观世音菩萨	长安城	奉命访察	观世音菩萨	长安城	奉命访察	
唐三藏	法门寺	到达	唐三藏	法门寺	到达	
唐三藏	西天	前往	唐三藏	西天	前往	
唐三藏	唐王	奉命取经	唐三藏	唐王	奉命取经	
唐三藏	佛前	立誓	唐三藏	佛前	立誓	
唐三藏	佛前	立誓取经	唐三藏	佛前	立誓取经	
唐三藏	大园子	进入	唐三藏	大园子	进入	
寅将军	二从者	吃掉	寅将军	二从者	吃掉	
寅将军	熊山君	盟友	寅将军	熊山君	盟友	
寅将军	特处士	盟友	寅将军	特处士	盟友	
熊山君	寅将军	盟友	熊山君	寅将军	盟友	
特处士	寅将军	盟友	特处士	寅将军	盟友	
五行山	两界山	位于	五行山	两界山	位于	
唐三藏	金字压帖	揭起	唐三藏	金字压帖	揭起	
孙悟空	东洋大海	前往	孙悟空	东洋大海	前往	
观音菩萨	紧箍儿咒	授与	观音菩萨	紧箍儿咒	授与	
孙悟空	玉龙三太子	挑战	孙悟空	玉龙三太子	挑战	
山神土地	唐三藏	奉命送鞍辔	山神土地	唐三藏	奉命送鞍辔	
观音菩萨	白马	化形为	观音菩萨	白马	化形为	fill_tail_cate
观音菩萨	白马	教化为	观音菩萨	白马	教化为	fill_tail_cate
孙悟空	辟火罩儿	使用	孙悟空	辟火罩儿	使用	
孙悟空	唐三藏	保护	孙悟空	唐三藏	保护	
孙悟空	方丈	保护	孙悟空	方丈	保护	
孙悟空	辟火罩儿	借取	孙悟空	辟火罩儿	借取	
孙悟空	黑风山	前往	孙悟空	黑风山	前往	
孙悟空	蜜蜂儿	变作	孙悟空	蜜蜂儿	变作	
孙悟空	观音禅院	带领前往	孙悟空	观音禅院	带领前往	
孙悟空	唐三藏	救助	孙悟空	唐三藏	救助	
孙悟空	袈裟	索要	孙悟空	袈裟	索要	
广智	老和尚	献计	广智	老和尚	献计	
老和尚	唐三藏	谋害	老和尚	唐三藏	谋害	
黑风洞	黑风山	位于	黑风洞	黑风山	位于	
孙悟空	仙丹	变作	孙悟空	仙丹	变作	
孙悟空	金池长老	变作	孙悟空	金池长老	变作	
孙悟空	观音菩萨	告状	孙悟空	观音菩萨	告状	
孙悟空	黑风王	挑战	孙悟空	黑风王	挑战	
孙悟空	金池长老	施展变化	孙悟空	金池长老	施展变化	
孙悟空	黑风王	索要袈裟	孙悟空	黑风王	索要袈裟	
孙悟空	黑风王	追杀	孙悟空	黑风王	追杀	
黑风山	黑风洞	位于	黑风山	黑风洞	位于	fill_head_cate
黑风洞	佛衣会	设宴	黑风洞	佛衣会	设宴	
黑风洞	佛衣会	设有	黑风洞	佛衣会	设有	
黑风王	孙悟空	敌对	黑风王	孙悟空	敌对	
唐三藏	南	设香案	唐三藏	南	设香案	
孙悟空	女子	变作	孙悟空	女子	变作	
孙悟空	唐三藏	坠阶前	孙悟空	唐三藏	坠阶前	
孙悟空	香楠树	按落云头	孙悟空	香楠树	按落云头	
孙悟空	火眼金睛	施展	孙悟空	火眼金睛	施展	
孙悟空	神通	施展	孙悟空	神通	施展	
孙悟空	金箍棒	施展	孙悟空	金箍棒	施展	
孙悟空	自己	现出原身	孙悟空	自己	现出原身	
孙悟空	钥匙	索要	孙悟空	钥匙	索要	
孙悟空	袈裟	获得	孙悟空	袈裟	获得	fill_tail_cate
孙悟空	菩萨	请施变化降妖	孙悟空	菩萨	请施变化降妖	
孙悟空	猪刚鬣	追杀	孙悟空	猪刚鬣	追杀	
乌巢禅师	唐三藏	传经	乌巢禅师	唐三藏	传经	
猪刚鬣	狂风	化为	猪刚鬣	狂风	化为	
猪刚鬣	孙悟空	挑战	猪刚鬣	孙悟空	挑战	
猪刚鬣	九齿钉钯	获得	猪刚鬣	九齿钉钯	获得	
猪刚鬣	孙悟空	追杀	猪刚鬣	孙悟空	追杀	
黄风大王	唐三藏	奉命捉拿	黄风大王	唐三藏	奉命捉拿	
如来佛祖	灵吉菩萨	赐予飞龙宝杖	如来佛祖	灵吉菩萨	赐予飞龙宝杖	
孙悟空	老妖	挑战	孙悟空	老妖	挑战	
李长庚	清风	化作	李长庚	清风	化作	
灵吉菩萨	黄毛貂鼠	奉命捉拿	灵吉菩萨	黄毛貂鼠	奉命捉拿	
灵吉菩萨	黄毛貂鼠	奉命辖押	灵吉菩萨	黄毛貂鼠	奉命辖押	
灵吉菩萨	黄毛貂鼠	带去见如来	灵吉菩萨	黄毛貂鼠	带去见如来	
灵吉菩萨	黄毛貂鼠	施法力降妖	灵吉菩萨	黄毛貂鼠	施法力降妖	
灵吉菩萨	黄毛貂鼠	明正其罪	灵吉菩萨	黄毛貂鼠	明正其罪	
灵吉菩萨	孙悟空	赐予飞龙宝杖	灵吉菩萨	孙悟空	赐予飞龙宝杖	
老妖	孙悟空	追杀	老妖	孙悟空	追杀	
黄毛貂鼠	琉璃盏	偷取	黄毛貂鼠	琉璃盏	偷取	
木叉行者	流沙河	前往	木叉行者	流沙河	前往	
木叉行者	法船	奉命作法	木叉行者	法船	奉命作法	
木叉行者	沙悟净	奉命引归	木叉行者	沙悟净	奉命引归	
木叉行者	沙悟净	奉命捉拿	木叉行者	沙悟净	奉命捉拿	
沙悟净	法船	使用骷髅	沙悟净	法船	使用骷髅	
沙悟净	猪八戒	敌对	沙悟净	猪八戒	敌对	
玉皇大帝	卷帘将	亲口封为	玉皇大帝	卷帘将	亲口封为	
观音菩萨	猪八戒	赐法讳	观音菩萨	猪八戒	赐法讳	
孙悟空	猪八戒	嘲笑	孙悟空	猪八戒	嘲笑	
猪八戒	马匹	牵马放马	猪八戒	马匹	牵马放马	
猪八戒	汗衫	被绳绷住	猪八戒	汗衫	被绳绷住	
西海龙王敖闰	龙马三太子	告了忤逆	西海龙王敖闰	龙马三太子	告了忤逆	
观音菩萨	龙马三太子	摘了项下珠	观音菩萨	龙马三太子	摘了项下珠	
观音菩萨	龙马三太子	救下	观音菩萨	龙马三太子	救下	
观音菩萨	龙马三太子	退鳞去角	观音菩萨	龙马三太子	退鳞去角	
万寿山	西牛贺洲	位于	万寿山	西牛贺洲	位于	
五庄观	万寿山	位于	五庄观	万寿山	位于	force_head_place_by_rel_位于
孙悟空	人参果	偷取	孙悟空	人参果	偷取	
明月	唐三藏	告状	明月	唐三藏	告状	
明月	五庄观	居住于	明月	五庄观	居住于	force_tail_place_by_relation
明月	猪八戒	怀疑	明月	猪八戒	怀疑	
明月	唐三藏	接待	明月	唐三藏	接待	
明月	唐三藏	接待故人	明月	唐三藏	接待故人	fill_head_cate
清风	五庄观	居住于	清风	五庄观	居住于	force_tail_place_by_relation
清风	猪八戒	怀疑	清风	猪八戒	怀疑	
猪八戒	孙悟空	求助	猪八戒	孙悟空	求助	
镇元子	明月	吩咐看家	镇元子	明月	吩咐看家	fill_tail_cate
镇元子	清风	吩咐看家	镇元子	清风	吩咐看家	
镇元子	弥罗宫	奉命听讲	镇元子	弥罗宫	奉命听讲	
镇元子	五庄观	居住于	镇元子	五庄观	居住于	force_tail_place_by_relation
孙悟空	金箍棒	使用	孙悟空	金箍棒	使用	
孙悟空	人参树	推倒	孙悟空	人参树	推倒	
孙悟空	解锁法	施展	孙悟空	解锁法	施展	
东华大帝君	孙悟空	接待	东华大帝君	孙悟空	接待	
孙悟空	蓬莱仙境	到达	孙悟空	蓬莱仙境	到达	
孙悟空	方丈仙山	前往	孙悟空	方丈仙山	前往	
孙悟空	瀛洲海岛	前往	孙悟空	瀛洲海岛	前往	
孙悟空	九老	求医人参果树	孙悟空	九老	求医人参果树	
观音菩萨	落伽山	居住于	观音菩萨	落伽山	居住于	
孙悟空	南山	前往	孙悟空	南山	前往	
孙悟空	三个行者	变作	孙悟空	三个行者	变作	
孙悟空	白骨夫人	奉命捉拿	孙悟空	白骨夫人	奉命捉拿	
孙悟空	铁棒	掣出	孙悟空	铁棒	掣出	
孙悟空	桃子	摘取	孙悟空	桃子	摘取	
孙悟空	身外法	施展	孙悟空	身外法	施展	
镇元子	孙悟空	结为兄弟	镇元子	孙悟空	结为兄弟	
二郎神	花果山	放火烧毁	二郎神	花果山	放火烧毁	
二郎神	花果山	放火焚烧	二郎神	花果山	放火焚烧	
大圣	巽地	作起大风	孙悟空	巽地	作起大风	
大圣	碎石	作起大风	孙悟空	碎石	作起大风	
大圣	西天取经	保唐僧	孙悟空	西天取经	保唐僧	
大圣	四海龙王	借甘霖仙水	孙悟空	四海龙王	借甘霖仙水	
大圣	四海龙王	借甘霖仙水	孙悟空	四海龙王	借甘霖仙水	
大圣	杂彩花旗	竖起花旗	孙悟空	杂彩花旗	竖起花旗	
大圣	水帘洞	竖起花旗	孙悟空	水帘洞	竖起花旗	
大圣	猎户	结果	孙悟空	猎户	结果	
黄袍老怪	猪八戒	出战	黄袍老怪	猪八戒	出战	
沙悟净	波月洞	前往	沙悟净	波月洞	前往	
沙悟净	黄袍怪	奉命捉拿	沙悟净	黄袍怪	奉命捉拿	
猪八戒	波月洞	前往	猪八戒	波月洞	前往	
猪八戒	黄袍怪	奉命捉拿	猪八戒	黄袍怪	奉命捉拿	
猪八戒	波月洞	筑门	猪八戒	波月洞	筑门	fill_tail_cate
百花羞	波月洞	居住于	百花羞	波月洞	居住于	fill_tail_cate
百花羞	唐三藏	救助	百花羞	唐三藏	救助	
黄袍怪	沙悟净	擒拿	黄袍怪	沙悟净	擒拿	
小龙王	唐三藏	救助	小龙王	唐三藏	救助	
小龙王	银安殿	进入	小龙王	银安殿	进入	
猪八戒	孙悟空	奏请	猪八戒	孙悟空	奏请	
猪八戒	孙悟空	请人来救	猪八戒	孙悟空	请人来救	
老妖	宝象国	前往	老妖	宝象国	前往	
老妖	俊俏之人	变作	老妖	俊俏之人	变作	
老妖	沙悟净	审问	老妖	沙悟净	审问	
奎木狼	玉皇大帝	被传旨收上界	奎木狼	玉皇大帝	被传旨收上界	
孙悟空行者	唐三藏	救助	孙悟空行者	唐三藏	救助	
猪八戒	孙悟空行者	激将	猪八戒	孙悟空行者	激将	
孙悟空	猪八戒	变作啄木虫儿	孙悟空	猪八戒	变作啄木虫儿	
孙悟空	猪八戒	变作蟭蟟虫儿	孙悟空	猪八戒	变作蟭蟟虫儿	
莲花洞	平顶山	位于	莲花洞	平顶山	位于	
金角大王	莲花洞	居住于	金角大王	莲花洞	居住于	
金角大王	唐三藏	要捉和尚	金角大王	唐三藏	要捉和尚	
银角大王	莲花洞	居住于	银角大王	莲花洞	居住于	
银角大王	唐三藏	要捉和尚	银角大王	唐三藏	要捉和尚	
二魔	高山绝顶	前往	二魔	高山绝顶	前往	
二魔	孙悟空	奉命捉拿	二魔	孙悟空	奉命捉拿	
二魔	猪八戒	擒拿	二魔	猪八戒	擒拿	
伶俐虫	孙悟空	奉命捉拿	伶俐虫	孙悟空	奉命捉拿	
孙悟空	假葫芦	获得	孙悟空	假葫芦	获得	
孙悟空	羊脂玉净瓶	获得	孙悟空	羊脂玉净瓶	获得	
真武	皂雕旗	借出	真武	皂雕旗	借出	
精细鬼	高山绝顶	奉命前往	精细鬼	高山绝顶	奉命前往	
精细鬼	孙悟空	奉命捉拿	精细鬼	孙悟空	奉命捉拿	
老魔	莲花洞	居住于	老魔	莲花洞	居住于	fill_tail_cate
二魔	众妖	传旨	二魔	众妖	传旨	
二魔	倚海龙	差遣去请	二魔	倚海龙	差遣去请	
二魔	巴山虎	差遣去请	二魔	巴山虎	差遣去请	
孙大圣	老奶奶	变作	孙悟空	老奶奶	变作	
孙悟空	二魔	挑战	孙悟空	二魔	挑战	
老魔	众妖	传旨	老魔	众妖	传旨	
孙大圣	莲花洞	前往	孙悟空	莲花洞	前往	fill_tail_cate
孙大圣	老魔	挑战	孙悟空	老魔	挑战	
孙大圣	唐三藏	救助	孙悟空	唐三藏	救助	
孙大圣	净瓶	获得	孙悟空	净瓶	获得	
孙大圣	莲花洞	进入	孙悟空	莲花洞	进入	fill_tail_cate
孙大圣	老魔	追杀	孙悟空	老魔	追杀	
狐阿七大王	老魔	盟友	狐阿七大王	老魔	盟友	
老魔	孙大圣	敌对	老魔	孙悟空	敌对	
行者孙	老魔	战败	行者孙	老魔	战败	
银角大王	葫芦	装入	银角大王	葫芦	装入	
僧官	道人	命令	僧官	道人	命令	
唐三藏	宝林寺	借宿	唐三藏	宝林寺	借宿	
唐三藏	宝林寺	借宿	唐三藏	宝林寺	借宿	fill_tail_cate
唐三藏	大唐	受唐王恩宥	唐三藏	大唐	受唐王恩宥	
唐三藏	西天	奉命取经	唐三藏	西天	奉命取经	
孙悟空	唐三藏	保领	孙悟空	唐三藏	保领	
孙悟空	僧官	挑战	孙悟空	僧官	挑战	
孙悟空	方丈	捣乱	孙悟空	方丈	捣乱	fill_tail_cate
孙悟空	干净房子	索要	孙悟空	干净房子	索要	
孙悟空	大雄宝殿	进入	孙悟空	大雄宝殿	进入	
全真	乌鸡国王	与国王结拜	全真	乌鸡国王	与国王结拜	
全真	乌鸡国王	侵占江山	全真	乌鸡国王	侵占江山	
全真	乌鸡国王	变作国王	全真	乌鸡国王	变作国王	
全真	乌鸡国王	推下井内	全真	乌鸡国王	推下井内	
乌鸡国王	唐三藏	托梦请圣僧	乌鸡国王	唐三藏	托梦请圣僧	
孙悟空	猪八戒	命令	孙悟空	猪八戒	命令	
孙悟空	山神土地	命令寻物	孙悟空	山神土地	命令寻物	
孙悟空	山神土地	命令摆兽	孙悟空	山神土地	命令摆兽	
孙悟空	山神土地	显神通拘神	孙悟空	山神土地	显神通拘神	
山神土地	孙悟空	献上野物	山神土地	孙悟空	献上野物	
正宫娘娘	锦香亭	坐在	正宫娘娘	锦香亭	坐在	
猪八戒	乌鸡国王	驮尸	猪八戒	乌鸡国王	驮尸	
太上老君	三十三天离恨天兜率宫	居住于	太上老君	三十三天离恨天兜率宫	居住于	
文殊菩萨	照妖镜	使用	文殊菩萨	照妖镜	使用	
皇帝	丹青	传旨宣召	皇帝	丹青	传旨宣召	
皇帝	宝林寺僧人	封赠	皇帝	宝林寺僧人	封赠	
孙大圣	红孩儿	索要唐僧师父	孙悟空	红孩儿	索要唐僧师父	
敖广	北海龙王	传旨请	敖广	北海龙王	传旨请	
敖广	西海龙王	传旨请	敖广	西海龙王	传旨请	
牛魔王	平天大圣	封为	牛魔王	平天大圣	封为	
猪八戒	观音菩萨	请救	猪八戒	观音菩萨	请救	
菩萨	善财童子	赐金箍儿镇妖	菩萨	善财童子	赐金箍儿镇妖	
小鼍龙	沙悟净	挑战	小鼍龙	沙悟净	挑战	
沙悟净	小鼍龙	挑战	沙悟净	小鼍龙	挑战	
沙悟净	唐三藏	救助	沙悟净	唐三藏	救助	
沙悟净	猪八戒	救助	沙悟净	猪八戒	救助	
观音菩萨	童子	施展法力收服	观音菩萨	童子	施展法力收服	
黑水河神	西海龙王	告状	黑水河神	西海龙王	告状	
黑水河神	衡阳峪黑水河神府	居住于	黑水河神	衡阳峪黑水河神府	居住于	
孙悟空	护身法儿	传授	孙悟空	护身法儿	传授	
孙悟空	元始天尊	变作	孙悟空	元始天尊	变作	
沙悟净	灵宝道君	变作	沙悟净	灵宝道君	变作	
猪八戒	太上老君	变作	猪八戒	太上老君	变作	
孙大圣	布雾郎君	召唤	孙悟空	布雾郎君	召唤	
孙大圣	推云童子	召唤	孙悟空	推云童子	召唤	
孙大圣	风婆婆	召唤	孙悟空	风婆婆	召唤	
孙大圣	猪八戒	救助	孙悟空	猪八戒	救助	
虎力大仙	文书	发祈雨	虎力大仙	文书	发祈雨	
虎力大仙	国师	奏请封为	虎力大仙	国师	奏请封为	
虎力大仙	符檄	烧祈雨	虎力大仙	符檄	烧祈雨	
虎力大仙	坛场	登坛祈雨	虎力大仙	坛场	登坛祈雨	
北海龙王	冷龙	助道士护锅	北海龙王	冷龙	助道士护锅	
孙悟空	北海龙王	念咒语唤来	孙悟空	北海龙王	念咒语唤来	
孙大圣	脱命僧人	救拔	孙悟空	脱命僧人	救拔	
孙悟空	灵感大王庙	前往	孙悟空	灵感大王庙	前往	
孙悟空	关保儿	变化	孙悟空	关保儿	变化	
陈清	陈家庄	居住于	陈清	陈家庄	居住于	
陈澄	陈家庄	居住于	陈澄	陈家庄	居住于	
灵感大王	灵感庙	前往	灵感大王	灵感庙	前往	
孙悟空	猪虱子	变作	孙悟空	猪虱子	变作	
孙悟空	长脚虾婆	变作	孙悟空	长脚虾婆	变作	
孙悟空	通天河妖怪	奉命捉拿	孙悟空	通天河妖怪	奉命捉拿	
孙悟空	菩萨	拜问	孙悟空	菩萨	拜问	
老鼋	通天河	前往	老鼋	通天河	前往	
老鼋	化为血水	发誓	老鼋	化为血水	发誓	
老鼋	化为血水	发誓	老鼋	化为血水	发誓	
老鼋	水鼋之第	居住于	老鼋	水鼋之第	居住于	
老鼋	问佛祖	请求	老鼋	问佛祖	请求	
观音菩萨	唐三藏	救助	观音菩萨	唐三藏	救助	
独角兕大王	金皘洞	居住于	独角兕大王	金皘洞	居住于	
可韩司丈人真君	玉皇大帝	回奏查勘结果	可韩司丈人真君	玉皇大帝	回奏查勘结果	
四大天师	玉皇大帝	奉旨传奏	四大天师	玉皇大帝	奉旨传奏	
孙悟空	彤华宫	前往	孙悟空	彤华宫	前往	
孙悟空	灵霄殿	前往	孙悟空	灵霄殿	前往	
孙悟空	金皘山	前往	孙悟空	金皘山	前往	
孙悟空	金皘山南坡下	前往	孙悟空	金皘山南坡下	前往	
孙悟空	玉皇大帝	告状	孙悟空	玉皇大帝	告状	
孙悟空	水德星君	求助	孙悟空	水德星君	求助	
孙悟空	火德星君	求助	孙悟空	火德星君	求助	
孙悟空	水德星君	请求协助	孙悟空	水德星君	请求协助	
孙悟空	火德星君	请求协助	孙悟空	火德星君	请求协助	
张道陵	玉皇大帝	传报灵霄	张道陵	玉皇大帝	传报灵霄	
玉皇大帝	托塔李天王	令下界擒魔	玉皇大帝	托塔李天王	令下界擒魔	
玉皇大帝	张蕃	传旨点将	玉皇大帝	张蕃	传旨点将	
玉皇大帝	邓化	传旨点将	玉皇大帝	邓化	传旨点将	
玉皇大帝	孙悟空	着挑选天将	玉皇大帝	孙悟空	着挑选天将	
玉皇天尊	可韩司	降旨查勘	玉皇天尊	可韩司	降旨查勘	
太上老君	青牛	收归	太上老君	青牛	收归	
太上老君	青牛	收归	太上老君	青牛	收归	fill_tail_cate
太上老君	青牛	收服	太上老君	青牛	收服	
太上老君	青牛	收服	太上老君	青牛	收服	fill_tail_cate
太上老君	金刚琢	炼成	太上老君	金刚琢	炼成	
太上老君	兜率院	驾彩云归	太上老君	兜率院	驾彩云归	
如来佛祖	孙悟空	传旨令入	如来佛祖	孙悟空	传旨令入	
如来佛祖	大地四部洲	着慧眼观看	如来佛祖	大地四部洲	着慧眼观看	
孙大圣	金箍棒	使用	孙悟空	金箍棒	使用	
孙大圣	沙悟净	救助	孙悟空	沙悟净	救助	
孙大圣	变化	施展	孙悟空	变化	施展	
孙大圣	金箍棒	获得	孙悟空	金箍棒	获得	
如意真仙	落胎泉水	护住	如意真仙	落胎泉水	护住	
孙悟空	聚仙庵	前往	孙悟空	聚仙庵	前往	
孙悟空	解阳山	前往	孙悟空	解阳山	前往	
孙悟空	落胎泉水	索要	孙悟空	落胎泉水	索要	
女王	唐三藏	倒换关文	女王	唐三藏	倒换关文	
女王	唐三藏	招赘为夫	女王	唐三藏	招赘为夫	
当驾太师	女王	作媒	当驾太师	女王	作媒	
迎阳驿丞	女王	主婚	迎阳驿丞	女王	主婚	
迎阳驿丞	女王	奏请放行	迎阳驿丞	女王	奏请放行	
如来佛祖	蝎子精	被扎	如来佛祖	蝎子精	被扎	
孙大圣	毒敌山琵琶洞	前往	孙悟空	毒敌山琵琶洞	前往	
孙大圣	蜜蜂儿	变作	孙悟空	蜜蜂儿	变作	
孙大圣	变作蜜蜂儿	施展神通	孙悟空	变作蜜蜂儿	施展神通	
孙大圣	昴日星官	请见	孙悟空	昴日星官	请见	
蝎子精	毒敌山琵琶洞	居住于	蝎子精	毒敌山琵琶洞	居住于	
蝎子精	唐三藏	捆缚	蝎子精	唐三藏	捆缚	
观音菩萨	昴日星官	指示请见	观音菩萨	昴日星官	指示请见	
众贼	草团瓢	前往	众贼	草团瓢	前往	
众贼	孙悟空	围困	众贼	孙悟空	围困	
孙悟空	御马监	任职于	孙悟空	御马监	任职于	
孙悟空	众贼	战败	孙悟空	众贼	战败	
孙悟空	杨老儿的逆子	打杀	孙悟空	杨老儿的逆子	打杀	
孙悟空	众贼	挑战	孙悟空	众贼	挑战	
孙悟空	杨老儿的逆子	擒拿	孙悟空	杨老儿的逆子	擒拿	
孙悟空	众贼	追杀	孙悟空	众贼	追杀	
玉皇大帝	孙悟空	册封	玉皇大帝	孙悟空	册封	
孙大圣	宝莲台下	抵达	孙悟空	宝莲台下	到达	
沙悟净	南海	前往	沙悟净	南海	前往	
沙悟净	猴精	打杀	沙悟净	猴精	打杀	
沙悟净	花果山界	抵达	沙悟净	花果山界	到达	
沙悟净	落伽山	抵达	沙悟净	落伽山	到达	
如来佛祖	六耳猕猴	识破	如来佛祖	六耳猕猴	识破	
孙悟空	森罗殿	前往	孙悟空	森罗殿	前往	
孙悟空	灵霄宝殿	前往	孙悟空	灵霄宝殿	前往	
孙悟空	阴山背后	前往	孙悟空	阴山背后	前往	
孙悟空	芭蕉扇	借取	孙悟空	芭蕉扇	借取	
孙悟空	翠云山	前往	孙悟空	翠云山	前往	
孙悟空	罗刹女	敌对	孙悟空	罗刹女	敌对	
孙悟空	芭蕉扇	索要	孙悟空	芭蕉扇	索要	
火焰山土地	斋饭	献上	火焰山土地	斋饭	献上	
灵吉菩萨	降黄风怪	传旨	灵吉菩萨	降黄风怪	传旨	
灵吉菩萨	定风丹	赐予	灵吉菩萨	定风丹	赐予	
牛魔王	孙悟空	结义	牛魔王	孙悟空	结义	
罗刹女	大力牛魔王妻	封为	罗刹女	大力牛魔王妻	封为	
罗刹女	芭蕉洞	居住于	罗刹女	芭蕉洞	居住于	
罗刹女	孙悟空	战败	罗刹女	孙悟空	战败	
罗刹女	孙悟空	追杀	罗刹女	孙悟空	追杀	
孙悟空	辟水金睛兽	偷取	孙悟空	辟水金睛兽	偷取	
孙悟空	罗刹女	欺骗	孙悟空	罗刹女	欺骗	fill_tail_cate
牛魔王	碧波潭	前往	牛魔王	碧波潭	前往	
牛魔王	玉面公主	娶为妻	牛魔王	玉面公主	娶为妻	
牛魔王	积雷山摩云洞	居住于	牛魔王	积雷山摩云洞	居住于	
牛魔王	积雷山摩云洞	离开	牛魔王	积雷山摩云洞	离开	
牛魔王	碧波潭	设宴	牛魔王	碧波潭	设宴	
牛魔王	碧波潭	赴会	牛魔王	碧波潭	赴会	
牛魔王	碧波潭	进入	牛魔王	碧波潭	进入	
牛魔王	积雷山摩云洞	驻扎	牛魔王	积雷山摩云洞	驻扎	
佛旨	四大金刚	差遣	佛旨	四大金刚	差遣	
牛魔王	孙大圣	变作八戒模样	牛魔王	孙悟空	变作八戒模样	
猪八戒	牛魔王	骂骗师兄	猪八戒	牛魔王	骂骗师兄	
孙悟空	奔波儿灞	捉拿	孙悟空	奔波儿灞	捉拿	
孙悟空	灞波儿奔	捉拿	孙悟空	灞波儿奔	捉拿	
孙悟空	奔波儿灞	擒拿	孙悟空	奔波儿灞	擒拿	
孙悟空	灞波儿奔	擒拿	孙悟空	灞波儿奔	擒拿	
孙悟空	铁索	索要	孙悟空	铁索	索要	
万圣宫主	浑金匣子	献上	万圣宫主	浑金匣子	献上	
万圣宫主	白玉匣子	献上	万圣宫主	白玉匣子	献上	
九头驸马	月牙铲	使用兵器	九头驸马	月牙铲	使用兵器	
孙大圣	金箍棒	使用法宝	孙悟空	金箍棒	使用法宝	
孙大圣	乱石山碧波潭	前往	孙悟空	乱石山碧波潭	前往	
孙大圣	戒刀	变化为	孙悟空	戒刀	变化为	
孙大圣	九头驸马	挑战	孙悟空	九头驸马	挑战	
孙大圣	仙气	施展法术	孙悟空	仙气	施展法术	
孙大圣	金箍棒	施展法术	孙悟空	金箍棒	施展法术	
沙悟净	菩萨	称谓	沙悟净	菩萨	称谓	
猪八戒	龙婆	擒拿	猪八戒	龙婆	擒拿	
猪八戒	龙宫	进入	猪八戒	龙宫	进入	
凌空子	绿鬓	号为	凌空子	绿鬓	号为	
十八公	劲节	号为	十八公	劲节	号为	
唐三藏	杏仙	拒绝婚配	唐三藏	杏仙	拒绝婚配	
女童	丹桂	号为	女童	丹桂	号为	
女童	腊梅	号为	女童	腊梅	号为	
孤直公	霜姿	号为	孤直公	霜姿	号为	
杏仙	杏树	号为	杏仙	杏树	号为	fill_head_cate
杏仙	唐三藏	诱骗	杏仙	唐三藏	诱骗	
赤身鬼	枫树	号为	赤身鬼	枫树	号为	
孙悟空	芥菜子儿	变作	孙悟空	芥菜子儿	变作	
孙悟空	玉皇大帝	奏请	孙悟空	玉皇大帝	奏请	
孙悟空	沙悟净	救助	孙悟空	沙悟净	救助	
孙悟空	猪八戒	救助	孙悟空	猪八戒	救助	
孙悟空	咒语	施展	孙悟空	咒语	施展	
玉皇大帝	二十八宿	传旨	玉皇大帝	二十八宿	传旨	
玉皇大帝	二十八宿	差遣	玉皇大帝	二十八宿	差遣	
黄眉老佛	如来佛祖	假扮	黄眉老佛	如来佛祖	假扮	
黄眉老佛	小雷音寺	居住于	黄眉老佛	小雷音寺	居住于	
孙大圣	武当山	前往	孙悟空	武当山	前往	
孙大圣	荡魔天尊	请援	孙悟空	荡魔天尊	请援	
弥勒	后天袋子	收缴宝贝	弥勒	后天袋子	收缴宝贝	
弥勒	敲磬槌儿	收缴宝贝	弥勒	敲磬槌儿	收缴宝贝	
弥勒	禁字	施展法术	弥勒	禁字	施展法术	
孙悟空	红鳞大蟒	奉命捉拿	孙悟空	红鳞大蟒	奉命捉拿	
孙悟空	七绝山稀柿衕	带领前往	孙悟空	七绝山稀柿衕	带领前往	
孙悟空	红鳞大蟒	挑战	孙悟空	红鳞大蟒	挑战	
孙悟空	红鳞大蟒	擒拿	孙悟空	红鳞大蟒	擒拿	
孙悟空	红鳞大蟒	施展法术	孙悟空	红鳞大蟒	施展法术	
孙悟空	悬丝诊脉	参与	孙悟空	悬丝诊脉	参与	
孙悟空	会同馆	带领前往	孙悟空	会同馆	带领前往	
孙悟空	朱紫国王	悬丝诊脉	孙悟空	朱紫国王	悬丝诊脉	
孙悟空	朱紫国王	挑战	孙悟空	朱紫国王	挑战	
孙悟空	朱紫国王	救助	孙悟空	朱紫国王	救助	
孙悟空	隐身法	施展法术	孙悟空	隐身法	施展法术	
孙悟空	宫中	进入	孙悟空	宫中	进入	
猪八戒	皇榜	被揣入榜文	猪八戒	皇榜	被揣入榜文	
孙悟空	金箍如意棒	使用	孙悟空	金箍如意棒	使用	
孙悟空	有来有去	变作	孙悟空	有来有去	变作	
孙悟空	痴苍蝇儿	变作	孙悟空	痴苍蝇儿	变作	
孙悟空	獬豸洞	变装潜入	孙悟空	獬豸洞	变装潜入	
孙悟空	赛太岁	奉命捉拿	孙悟空	赛太岁	奉命捉拿	
孙悟空	先锋	战败	孙悟空	先锋	战败	
孙悟空	金圣娘娘	救助	孙悟空	金圣娘娘	救助	
孙悟空	筋斗云	施展	孙悟空	筋斗云	施展	
赛太岁	先锋	派遣	赛太岁	先锋	派遣	
孙大圣	痴苍蝇	变作	孙悟空	痴苍蝇	变作	
孙悟空	金箍棒	取出	孙悟空	金箍棒	取出	
孙悟空	春娇	变作	孙悟空	春娇	变作	
孙悟空	隐身法	施展	孙悟空	隐身法	施展	
孙悟空	乌云散髻	落在	孙悟空	乌云散髻	落在	
孙悟空	后宫门首	飞入	孙悟空	后宫门首	飞入	
张紫阳	新霞裳	变作	张紫阳	新霞裳	变作	
观音菩萨	赛太岁	收寻妖怪	观音菩萨	赛太岁	收寻妖怪	
金圣娘娘	御案	伏在	金圣娘娘	御案	伏在	fill_head_cate
七个女怪	濯垢泉	前往	七个女怪	濯垢泉	前往	
孙悟空	土地	告状	孙悟空	土地	告状	
孙悟空	猪八戒	告知	孙悟空	猪八戒	告知	
孙悟空	土地	拘唤	孙悟空	土地	拘唤	
濯垢泉	盘丝洞	位于	濯垢泉	盘丝洞	位于	
猪八戒	钉钯	使用	猪八戒	钉钯	使用	
猪八戒	鲇鱼精	变作	猪八戒	鲇鱼精	变作	
猪八戒	鲇鱼精	变作	猪八戒	鲇鱼精	变作	
盘丝岭	盘丝洞	位于	盘丝岭	盘丝洞	位于	
孙悟空	毗蓝婆菩萨	奏请	孙悟空	毗蓝婆菩萨	奏请	
毗蓝婆菩萨	千花洞	居住于	毗蓝婆菩萨	千花洞	居住于	
狮驼洞	八百里狮驼岭	位于	狮驼洞	八百里狮驼岭	位于	
孙大圣	洞口	前往	孙悟空	洞口	前往	
孙大圣	洞口	进入	孙悟空	洞口	进入	
三魔	大小怪	点将	三魔	大小怪	点将	
三魔	老魔	设局	三魔	老魔	设局	
二怪	三千小妖	点将	二怪	三千小妖	点将	
孙大圣	老魔肚里	居住于	孙悟空	老魔肚里	居住于	
孙大圣	老魔	擒拿	孙悟空	老魔	擒拿	
孙大圣	绳子	索要	孙悟空	绳子	索要	
二怪	沙悟净	擒拿	二怪	沙悟净	擒拿	
如来佛祖	三怪	收服	如来佛祖	三怪	收服	
如来佛祖	三魔	收服	如来佛祖	三魔	收服	
如来佛祖	大鹏金翅雕	收服	如来佛祖	大鹏金翅雕	收服	
孙悟空	担儿	寻得	孙悟空	担儿	寻得	
孙悟空	十个小妖脸上	散在	孙悟空	十个小妖脸上	散在	
孙悟空	金门	混入	孙悟空	金门	混入	
孙悟空	龙马	牵来	孙悟空	龙马	牵来	
孙悟空	猪八戒	解救	孙悟空	猪八戒	解救	
孙悟空	天竺	驾筋斗云	孙悟空	天竺	驾筋斗云	
老魔	猪八戒	擒拿	老魔	猪八戒	擒拿	
国丈	唐三藏	建议取心肝	国丈	唐三藏	建议取心肝	fill_head_cate
国丈	仙方	献上	国丈	仙方	献上	
国丈	唐三藏	追杀	国丈	唐三藏	追杀	
孙大圣	众怪	收服	孙悟空	众怪	收服	
孙悟空	国丈	奉命捉拿	孙悟空	国丈	奉命捉拿	
孙悟空	国丈	挑战	孙悟空	国丈	挑战	
孙悟空	鹅笼小儿	摄离	孙悟空	鹅笼小儿	摄离	
孙悟空	鹅笼小儿	救助	孙悟空	鹅笼小儿	救助	
孙悟空	鹅笼小儿	施法护持小儿	孙悟空	鹅笼小儿	施法护持小儿	
假唐僧	阶心	到达	假唐僧	阶心	到达	
假唐僧	朝门	前往	假唐僧	朝门	前往	
假唐僧	心肝	索取	假唐僧	心肝	索取	
大圣	南方七十里	前往	孙悟空	南方七十里	前往	
大圣	清华仙府	进入	孙悟空	清华仙府	进入	
孙悟空	当坊土地	拘出土地	孙悟空	当坊土地	拘出土地	
孙悟空	比丘国王	救助	孙悟空	比丘国王	救助	
孙悟空	老怪	施威	孙悟空	老怪	施威	
孙悟空	金箍棒	施展法力	孙悟空	金箍棒	施展法力	
寿星	比丘城	前往	寿星	比丘城	前往	
寿星	白鹿	收服	寿星	白鹿	收服	
寿星	三个枣儿	赠与	寿星	三个枣儿	赠与	
比丘国王	唐三藏	传旨请来	比丘国王	唐三藏	传旨请来	
唐三藏	镇海禅林寺	前往	唐三藏	镇海禅林寺	前往	
唐三藏	猪八戒	命令	唐三藏	猪八戒	命令	
唐三藏	摩诃般若波罗密多心经	念诵	唐三藏	摩诃般若波罗密多心经	念诵	
唐三藏	女子	救下	唐三藏	女子	救下	
唐三藏	女子	救助	唐三藏	女子	救助	
女子	唐三藏	求救	女子	唐三藏	求救	
孙悟空	唐三藏	劝阻	孙悟空	唐三藏	劝阻	
孙悟空	黑气	发现	孙悟空	黑气	发现	
孙悟空	黑气	发现	孙悟空	黑气	发现	
孙悟空	林里	返回	孙悟空	林里	返回	
孙悟空	八戒沙僧	传旨	孙悟空	八戒沙僧	传旨	
孙悟空	小坐跌法	使用	孙悟空	小坐跌法	使用	
孙悟空	香积厨	取水	孙悟空	香积厨	取水	
孙悟空	小和尚儿	变作	孙悟空	小和尚儿	变作	
孙悟空	八戒沙僧	带领前往	孙悟空	八戒沙僧	带领前往	
孙悟空	妖精	挑战	孙悟空	妖精	挑战	
孙悟空	山神土地	挑战	孙悟空	山神土地	挑战	
孙悟空	凉水	索要	孙悟空	凉水	索要	
孙悟空	妖精	追杀	孙悟空	妖精	追杀	
女怪	唐三藏	安排素筵席	女怪	唐三藏	安排素筵席	
孙悟空	门楼上	变化为苍蝇儿	孙悟空	门楼上	变化为苍蝇儿	
孙悟空	女怪	奉命捉拿	孙悟空	女怪	奉命捉拿	
孙悟空	洞口	带领前往	孙悟空	洞口	带领前往	
孙悟空	唐三藏	救出	孙悟空	唐三藏	救出	
牌楼	山脚下	位于	牌楼	山脚下	位于	
天王	天兵	点兵	天王	天兵	点兵	
如来佛祖	玲珑剔透舍利子如意黄金宝塔	赐予	如来佛祖	玲珑剔透舍利子如意黄金宝塔	赐予	
孙悟空	铁棒	使用	孙悟空	铁棒	使用	
孙悟空	尊父李天王之位	供奉	孙悟空	尊父李天王之位	供奉	
孙悟空	托塔天王	告状	孙悟空	托塔天王	告状	
孙悟空	金鼻白毛老鼠精	挑战	孙悟空	金鼻白毛老鼠精	挑战	
孙悟空	尊兄哪吒三太子位	索要	孙悟空	尊兄哪吒三太子位	索要	
孙悟空	尊父李天王之位	索要	孙悟空	尊父李天王之位	索要	
孙悟空	妖精宅外	进入	孙悟空	妖精宅外	进入	
孙悟空	妖精旧宅	进入	孙悟空	妖精旧宅	进入	
孙悟空	小洞	进入	孙悟空	小洞	进入	
托塔天王	孙悟空	敌对	托塔天王	孙悟空	敌对	
玉皇大帝	托塔李天王	传旨	玉皇大帝	托塔李天王	传旨	
金星	孙悟空	奏请封为	金星	孙悟空	奏请封为	align_tail_type_to_mode_hi_conf
金鼻白毛老鼠精	半截观音	改名	金鼻白毛老鼠精	半截观音	改名	
金鼻白毛老鼠精	地涌夫人	改名	金鼻白毛老鼠精	地涌夫人	改名	
孙悟空	小行者	变化	孙悟空	小行者	变化	
孙悟空	老鼠	变化	孙悟空	老鼠	变化	
孙悟空	蝼蚁儿	变化	孙悟空	蝼蚁儿	变化	
孙悟空	瞌睡虫	布散	孙悟空	瞌睡虫	布散	
孙悟空	孙二官儿	扮作	孙悟空	孙二官儿	扮作	
孙悟空	大分身普会神法	施展	孙悟空	大分身普会神法	施展	
孙悟空	观音菩萨	认出	孙悟空	观音菩萨	认出	
孙悟空	大柜	进入	孙悟空	大柜	进入	
观音菩萨	善财童子	化现	观音菩萨	善财童子	化现	
观音菩萨	老母	化现	观音菩萨	老母	化现	
猪八戒	妖精	挑战	猪八戒	妖精	挑战	
老妖	先锋	任命为	老妖	先锋	任命为	
老妖	先锋	传旨	老妖	先锋	传旨	
老妖	铁杵	使用	老妖	铁杵	使用	
老妖	前部先锋	册封为	老妖	前部先锋	册封为	
老妖	前部先锋	封为	老妖	前部先锋	封为	
孙大圣	毫毛	使用	孙悟空	毫毛	使用	
孙大圣	毫毛	收上	孙悟空	毫毛	收上	
孙大圣	分身法	施展	孙悟空	分身法	施展	
东海老龙王敖广	凤仙郡	前往	东海老龙王敖广	凤仙郡	前往	
凤仙郡土地	玉皇大帝	拜奏	凤仙郡土地	玉皇大帝	拜奏	
凤仙郡郡侯上官氏	凤仙郡	居住于	凤仙郡郡侯上官氏	凤仙郡	居住于	
凤仙郡郡侯上官氏	府中	带领前往	凤仙郡郡侯上官氏	府中	带领前往	
孙大圣	天宫	前往	孙悟空	天宫	前往	
孙悟空	东海老龙王敖广	召唤	孙悟空	东海老龙王敖广	召唤	
九灵元圣	九曲盘桓洞	居住于	九灵元圣	九曲盘桓洞	居住于	fill_head_cate
孙悟空	定身法	使用	孙悟空	定身法	使用	
孙悟空	古怪刁钻	变作	孙悟空	古怪刁钻	变作	
孙悟空	四明铲	挑战	孙悟空	四明铲	挑战	
孙悟空	刁钻古怪	擒拿	孙悟空	刁钻古怪	擒拿	
孙悟空	古怪刁钻	擒拿	孙悟空	古怪刁钻	擒拿	
孙悟空	请帖	查看	孙悟空	请帖	查看	
孙悟空	钉钯会	设宴	孙悟空	钉钯会	设宴	
孙黄狮	祖翁九灵元圣老大人	发出请帖	孙黄狮	祖翁九灵元圣老大人	发出请帖	
孙黄狮	钉钯会	设宴	孙黄狮	钉钯会	设宴	
沙悟净	贩猪羊的客人	装作	沙悟净	贩猪羊的客人	装作	
猪八戒	刁钻古怪	变作	猪八戒	刁钻古怪	变作	
虎口洞	豹头山	位于	虎口洞	豹头山	位于	
九头狮子	九灵元圣	受封为	九头狮子	九灵元圣	受封为	
九头狮子	九灵元圣	封为	九头狮子	九灵元圣	封为	
九头狮子	猪八戒	擒拿	九头狮子	猪八戒	擒拿	
九头狮子	孙大圣	敌对	九头狮子	孙悟空	敌对	
九头狮子	沙悟净	敌对	九头狮子	沙悟净	敌对	
太乙救苦天尊	竹节山	前往	太乙救苦天尊	竹节山	前往	
太乙救苦天尊	九头狮子	收降	太乙救苦天尊	九头狮子	收降	
太乙救苦天尊	九灵元圣	收降	太乙救苦天尊	九灵元圣	收降	
太乙救苦天尊	妙岩宫	驻扎	太乙救苦天尊	妙岩宫	驻扎	
孙大圣	人	索要	孙悟空	人	索要	
孙大圣	妙岩宫	赴会	孙悟空	妙岩宫	赴会	
唐三藏	慈云寺	到达	唐三藏	慈云寺	到达	
唐三藏	金平府	前往	唐三藏	金平府	前往	
唐三藏	金灯桥	前往	唐三藏	金灯桥	前往	
唐三藏	看灯	参与	唐三藏	看灯	参与	
孙悟空	辟寒大王	挑战	孙悟空	辟寒大王	挑战	
孙悟空	辟尘大王	挑战	孙悟空	辟尘大王	挑战	
孙悟空	辟暑大王	挑战	孙悟空	辟暑大王	挑战	
辟寒大王	金平府官员	假扮佛像	辟寒大王	金平府官员	假扮佛像	
辟寒大王	酥合香油	偷取	辟寒大王	酥合香油	偷取	
辟寒大王	金平府	前往	辟寒大王	金平府	前往	
辟寒大王	玄英洞	居住于	辟寒大王	玄英洞	居住于	
辟尘大王	金平府官员	假扮佛像	辟尘大王	金平府官员	假扮佛像	fill_tail_cate
辟尘大王	酥合香油	偷取	辟尘大王	酥合香油	偷取	
辟尘大王	金平府	前往	辟尘大王	金平府	前往	
辟尘大王	玄英洞	居住于	辟尘大王	玄英洞	居住于	
辟暑大王	金平府官员	假扮佛像	辟暑大王	金平府官员	假扮佛像	
辟暑大王	酥合香油	偷取	辟暑大王	酥合香油	偷取	
辟暑大王	金平府	前往	辟暑大王	金平府	前往	
辟暑大王	玄英洞	居住于	辟暑大王	玄英洞	居住于	
太白金星	四木禽星	指示请为	太白金星	四木禽星	指示请为	
奎木狼	孙大圣	奉旨下界	奎木狼	孙悟空	奉旨下界	
奎木狼	唐三藏	救助	奎木狼	唐三藏	救助	
孙大圣	玄英洞	变化进入	孙悟空	玄英洞	变化进入	
孙大圣	玉皇大帝	奏闻求救	孙悟空	玉皇大帝	奏闻求救	
孙大圣	唐三藏	解救	孙悟空	唐三藏	解救	
孙大圣	玉皇大帝	请命将降之	孙悟空	玉皇大帝	请命将降之	
斗木獬	孙大圣	奉旨下界	斗木獬	孙悟空	奉旨下界	
斗木獬	唐三藏	救助	斗木獬	唐三藏	救助	
玉皇大帝	四木禽星	传旨点兵	玉皇大帝	四木禽星	传旨点兵	
玉皇大帝	许天师	差遣下界	玉皇大帝	许天师	差遣下界	
假公主	真公主	变作	假公主	真公主	变作	
假公主	唐三藏	欲招为驸马	假公主	唐三藏	欲招为驸马	
唐三藏	会同馆驿	到达	唐三藏	会同馆驿	到达	
唐三藏	西天	奉旨求经	唐三藏	西天	奉旨求经	
孙悟空	八戒沙僧	回驿报信	孙悟空	八戒沙僧	回驿报信	
孙悟空	唐三藏	奉命保护	孙悟空	唐三藏	奉命保护	
孙悟空	假公主	辨明真假	孙悟空	假公主	辨明真假	
布金禅寺	舍卫国	位于	布金禅寺	舍卫国	位于	
唐三藏	绣墩	坐于	唐三藏	绣墩	坐于	
猪八戒	观音菩萨	皈依	猪八戒	观音菩萨	皈依	
孙大圣	正南方那座山	前往	孙悟空	正南方那座山	前往	
孙大圣	山中土地山神	唤出	孙悟空	山中土地山神	唤出	
唐三藏	铜台府地灵县	前往	唐三藏	铜台府地灵县	前往	
孙悟空	猪八戒	责骂	孙悟空	猪八戒	责骂	
孙悟空	唐三藏	跪求	孙悟空	唐三藏	跪求	
寇员外	万僧	斋僧圆满	寇员外	万僧	斋僧圆满	
寇员外	万僧	许斋	寇员外	万僧	许斋	
寇员外	唐三藏	迎接	寇员外	唐三藏	迎接	fill_head_cate
寇员外	唐三藏	送行	寇员外	唐三藏	送行	fill_head_cate
刺史	唐三藏	奉命捉拿	刺史	唐三藏	奉命捉拿	
地藏王菩萨	寇洪	延寿一纪	地藏王菩萨	寇洪	延寿一纪	
地藏王菩萨	寇洪	收为案长	地藏王菩萨	寇洪	收为案长	
孙悟空	强盗	拷问	孙悟空	强盗	拷问	
孙悟空	寇洪	救活	孙悟空	寇洪	救活	
孙悟空	寇洪	显灵	孙悟空	寇洪	显灵	
孙悟空	府县官	索要行李	孙悟空	府县官	索要行李	
寇员外	强盗	被杀	寇员外	强盗	被杀	
寇栋	刺史	告状	寇栋	刺史	告状	
寇梁	刺史	告状	寇梁	刺史	告状	
强盗	山凹	分赃	强盗	山凹	分赃	
强盗	华光院西	前往	强盗	华光院西	前往	
强盗	寇家	劫掠	强盗	寇家	劫掠	
强盗	唐僧四众	围困	强盗	唐僧四众	围困	
玉皇大帝	浪荡游神	差为游神	玉皇大帝	浪荡游神	差为游神	
伽叶	唐三藏	索要人事	伽叶	唐三藏	索要人事	
八大金刚	唐三藏	奉命送行	八大金刚	唐三藏	送行	
如来佛祖	唐三藏	传经授法	如来佛祖	唐三藏	传经授法	
如来佛祖	观世音菩萨	准缴金旨	如来佛祖	观世音菩萨	准缴金旨	
如来佛祖	八大金刚	命送回东土	如来佛祖	八大金刚	命送回东土	
孙悟空	如来佛祖	告状于	孙悟空	如来佛祖	告状于	
白雄尊者	唐三藏	夺走经书	白雄尊者	唐三藏	夺走经书	
阿傩	唐三藏	索要人事	阿傩	唐三藏	索要人事	
八金刚	唐三藏	奉佛旨送行	八大金刚	唐三藏	送行	
八金刚	唐三藏	奉佛旨送行	八大金刚	唐三藏	送行	
八金刚	唐三藏	奉命送行	八大金刚	唐三藏	送行	
孙悟空	唐三藏	护持	孙悟空	唐三藏	护持	
孙悟空	众老	问庙	孙悟空	众老	问庙	
揭谛	八金刚	附耳低言	揭谛	八大金刚	附耳低言	
沙悟净	经担	压住	沙悟净	经担	压住	
沙悟净	经担	压住	沙悟净	经担	压住	
猪八戒	白马	牵住	猪八戒	白马	牵住	
猪八戒	白马	牵住	猪八戒	白马	牵住	
老鼋	唐三藏	问寿	老鼋	唐三藏	问寿	
老鼋	唐三藏	驮渡	老鼋	唐三藏	驮渡	
菩萨	八金刚	传旨令生一难	菩萨	八大金刚	传旨令生一难	
菩萨	揭谛	传旨令生一难	菩萨	揭谛	传旨令生一难	
菩萨	揭谛	传旨令生一难	菩萨	揭谛	传旨令生一难	align_head_type_to_mode
菩萨	诸神	准缴法旨	菩萨	诸神	准缴法旨	align_head_type_to_mode
陈清	唐三藏	迎迓	陈清	唐三藏	迎迓	
陈澄	唐三藏	拜请	陈澄	唐三藏	拜请	
八大金刚	如来佛祖	传旨缴旨	八大金刚	如来佛祖	传旨缴旨	
八大金刚	灵山	引往	八大金刚	灵山	带往	
八大金刚	如来佛祖	缴旨	八大金刚	如来佛祖	缴旨	
八大金刚	长安	送至东土	八大金刚	长安	送至	
唐三藏	长安	到达	唐三藏	长安	到达	
唐三藏	雁塔寺	前往	唐三藏	雁塔寺	前往	
唐三藏	旃檀功德佛	加升为佛	唐三藏	旃檀功德佛	加升为佛	
唐三藏	如来佛祖	受职	唐三藏	如来佛祖	受职	
唐三藏	如来佛祖	奉命取经	唐三藏	如来佛祖	奉命取经	
唐三藏	洪福寺	进入	唐三藏	洪福寺	进入	
如来佛祖	净坛使者	传旨封为	如来佛祖	净坛使者	封为	
如来佛祖	旃檀功德佛	传旨封为	如来佛祖	旃檀功德佛	封为	
如来佛祖	唐三藏	加升为佛	如来佛祖	唐三藏	加升为佛	
如来佛祖	孙悟空	加升为佛	如来佛祖	孙悟空	加升为佛	
孙悟空	斗战胜佛	加升为佛	孙悟空	斗战胜佛	加升为佛	
孙悟空	如来佛祖	受职	孙悟空	如来佛祖	受职	
孙悟空	如来佛祖	被镇压于五行山	孙悟空	如来佛祖	被镇压于五行山	split_embedded_place_action|rewrite_passive_to_locative|add_inferred_actor_action
沙悟净	金身罗汉	加升为佛	沙悟净	金身罗汉	加升为佛	
猪八戒	净坛使者	加升为使者	猪八戒	净坛使者	加升为使者	
猪八戒	观音菩萨	被劝善收服	猪八戒	观音菩萨	被劝善收服	
白马	八部天龙马	加升为佛	白马	八部天龙马	加升为佛	
						__stats__:in=769 stage1=769 out=769 dedup=762 dropped_self_loops=2
